Abagael,Vedenisov,75,3,15
Abdel,Mauchlen,84,3,14
Abey,Gainor,74,5,14
Abigale,Gauch,74,12,6
Abraham,Mattosoff,64,1,11
Ada,Shwenn,93,14,12
Adan,Duddin,44,1,12
Adan,Duligal,60,3,7
Addie,Snoxall,92,14,14
Adelind,Perryn,57,5,8
Adham,Plaskitt,18,4,1
Adriaens,Shynn,48,8,14
Adriana,Yong,63,1,10
Aeriel,Thaxton,52,12,11
Aeriell,Bridie,76,9,10
Aida,Mumbeson,45,16,11
Ailee,Dowzell,24,14,10
Ailis,Bettanay,52,1,1
Alanna,Chedgey,46,3,7
Alano,Pummell,42,13,8
Alasdair,Huguet,67,16,8
Albertina,Medina,58,14,3
Albertine,Shickle,41,16,14
Alecia,Colliard,42,15,2
Alexis,Ducket,53,13,2
Alfons,Zannotti,46,2,1
Alidia,Whapple,41,10,10
Alison,Laxston,62,9,1
Alisun,Threadgall,60,16,15
Aliza,Juhruke,26,10,9
Alla,Goodey,31,9,7
Allen,Wegenen,63,1,3
Allin,Shaughnessy,27,3,6
Allyn,Jindrich,67,8,5
Aloin,Leese,95,16,11
Aloise,Landeaux,40,5,12
Aloisia,Cloney,47,10,14
Alon,Wroth,74,6,3
Alverta,Crockatt,76,12,13
Alvin,Buller,22,10,13
Alwyn,Fansy,73,16,14
Alyss,Keaysell,76,2,8
Amata,Wedderburn,29,1,1
Ambrosius,Breadon,76,14,12
Ambrosius,Woodfine,17,3,1
Ambur,Paffitt,51,1,12
Amil,Schutter,85,13,1
Amil,Ruf,52,13,6
Ammamaria,Longhorne,48,13,10
Anabelle,Soan,86,14,15
Analiese,Sleford,80,16,5
Anallese,Dye,14,1,1
Anders,Porter,69,15,10
Andras,Povah,57,14,5
Andreana,Huxster,19,4,13
Andrej,Brandsen,90,8,4
Andy,Pratte,49,16,9
Anestassia,Kubek,63,3,5
Anet,MacColgan,98,14,7
Angel,Iacovelli,85,4,10
Angela,Dods,42,10,4
Annmarie,Thying,90,7,14
Anny,MacGown,41,10,12
Arabela,Beviss,75,6,11
Archibold,McDuffie,65,4,11
Arden,De Filippo,57,5,7
Arden,Skeene,54,2,1
Ardis,Vasilevich,13,12,14
Aridatha,Bucknell,88,5,4
Arie,Dallicott,93,7,10
Arin,Bronot,21,5,3
Ario,Saunt,84,2,10
Arlana,Tofano,18,4,15
Arleen,Rauprich,64,14,7
Arlina,McCroary,46,15,8
Armin,Creaney,96,8,8
Armstrong,O'Corren,74,8,14
Arney,Lackemann,83,2,15
Arvin,Haskew,28,5,14
Ashbey,Flay,91,3,13
Ashlen,Milley,76,14,5
Ashley,Kirkbride,54,14,11
Ashli,Ayree,52,7,14
Ashlin,Bang,35,5,3
Ashly,Luparto,36,16,8
Astrid,Eldritt,92,9,2
Atalanta,Castagna,23,16,3
Atlante,Aveyard,80,9,12
Augusta,Klimek,32,14,4
Augustus,Weben,43,12,4
Aura,Iacobucci,70,8,2
Aurora,McLuckie,15,10,10
Averell,Asipenko,65,5,12
Averil,Agent,48,3,11
Averill,Westwater,71,15,5
Averyl,Gwinn,44,12,14
Avivah,Binley,30,2,15
Axe,Flanne,84,5,6
Bab,Longforth,23,3,7
Bab,Cutts,17,16,1
Barb,Shooter,48,9,5
Barbabra,Spadollini,58,7,3
Barclay,Chadney,84,1,10
Bari,Iffland,66,7,15
Barnaby,Boosey,89,12,12
Baron,Houseago,73,9,5
Barret,Lawling,75,1,8
Bartholemy,Cicconetti,47,3,13
Bax,Grover,97,3,15
Bearnard,Cankett,72,7,7
Beatrix,McFee,31,12,1
Beau,Escoffrey,66,1,1
Bendicty,Serot,50,6,14
Benedetta,Kupke,44,14,7
Benedict,Greenman,14,15,4
Benita,Pummell,75,7,3
Benny,Mapham,27,7,4
Ber,Joselovitch,47,6,6
Berget,Yurmanovev,82,14,7
Berna,Jagger,45,10,5
Bernardina,Kimmince,47,3,14
Bernarr,Mcwhinney,97,14,7
Bernette,Dober,72,9,15
Bevan,Purshouse,59,3,11
Biddy,Chart,97,7,6
Bidget,Pring,41,12,6
Bill,Christophe,16,4,13
Bing,Sweating,22,3,16
Bink,Dampier,50,6,9
Bird,Gilbody,29,15,6
Blaine,Hattam,65,15,4
Blake,Whitemarsh,78,14,9
Blakelee,De Lascy,41,3,14
Blanca,Georges,85,2,15
Blanca,Butler,95,1,14
Bobbe,Mouth,70,1,6
Bone,Diggell,57,1,14
Boot,Wooller,82,6,6
Boycie,Iglesia,13,9,4
Brady,Sogg,57,3,5
Brandtr,Filer,63,3,10
Brandyn,Oki,87,15,9
Brendan,Bilbrey,85,9,15
Brianne,MacGettigen,94,3,9
Bride,West-Frimley,36,11,2
Brietta,Winfindine,66,6,8
Brigid,Dandy,57,5,12
Britni,Penning,79,16,7
Britte,Iacomelli,94,9,12
Brodie,Kydd,86,5,1
Bruis,Begent,96,12,10
Bryanty,Lago,68,4,8
Brynn,Snoddin,97,10,11
Budd,Barabisch,98,14,8
Buddy,Kleinpeltz,63,16,1
Burlie,enzley,70,1,9
Burnaby,Treend,43,7,13
Calvin,Jahnisch,66,4,6
Cami,Coalbran,76,6,8
Camille,Swatman,12,13,14
Cammie,Worthing,47,12,3
Carce,Cotherill,59,12,2
Carie,Chave,55,5,14
Carin,Gonnel,32,1,7
Carita,MacGow,68,14,10
Carmelle,Mordue,94,1,1
Carmen,Kacheler,13,4,11
Carmina,Lemm,63,11,5
Carol,Rubie,25,14,7
Carry,Salmond,33,8,15
Cart,Hush,65,14,10
Cate,Auton,40,14,14
Catharine,Billingham,16,5,5
Catharine,Mayzes,18,10,8
Cathryn,Tinker,22,6,9
Cati,Troake,65,3,8
Catie,Branni,41,3,9
Cecil,Androletti,61,14,6
Cecil,Scarborough,73,1,8
Celestina,Pinks,28,5,1
Celina,Muzzullo,21,1,8
Celka,Stainer,65,6,4
Celle,Linnit,82,1,8
Charisse,Macari,14,9,10
Charita,Sperring,69,9,1
Charlotta,Popworth,20,7,4
Charlton,Boman,56,3,11
Chastity,Joly,77,14,5
Cherie,Ormshaw,99,3,15
Cherrita,Eborn,46,12,14
Chevalier,Seson,96,6,12
Chip,Hearle,33,10,1
Chrissie,Pech,27,15,15
Chrissy,Botwright,98,15,2
Christan,McAvaddy,93,12,6
Christen,Volker,98,6,9
Christin,Wildt,41,6,7
Cicely,Smalman,77,2,14
Ciel,Le Quesne,78,16,5
Cinnamon,Buxam,92,9,8
Cirillo,Sherwood,30,14,13
Clair,Emslie,99,3,11
Clarance,Minchella,77,1,15
Claresta,Hudspeth,34,3,8
Clarette,Schleswig-Holstein,44,10,6
Clarie,Atte-Stone,47,5,12
Clarine,McCloughlin,70,13,10
Clarissa,Wragge,39,6,1
Claudia,Hutchings,84,3,1
Cleopatra,Leward,23,14,1
Cleveland,Chattey,17,14,10
Codee,Sycamore,57,14,12
Colleen,Grigori,13,9,5
Con,Lambillion,34,16,4
Con,Sobieski,31,7,7
Conan,Elvin,24,8,1
Concettina,Alabaster,83,16,14
Constantin,Tumber,88,16,14
Consuela,Castiglioni,53,8,12
Corbett,Foyster,71,9,13
Corbie,Dawes,77,16,7
Corbin,Menezes,43,3,8
Cordelia,Wrigglesworth,78,10,8
Cordelie,Stanett,59,1,7
Cordie,Davage,97,14,14
Corine,Scrivin,64,1,6
Cornie,Marzelle,84,5,3
Corny,Bariball,39,7,8
Corny,Fewless,19,16,10
Corny,Grose,85,8,13
Corrinne,Cardno,88,3,8
Courtney,Poluzzi,70,8,13
Craggy,Moar,40,9,15
Creighton,Raddan,86,3,9
Cristian,Bernadot,55,12,14
Cristionna,Wattins,32,15,16
Crysta,Chevalier,76,8,15
Curtis,Petrushka,57,15,1
Cybill,Benneyworth,19,5,3
Cyndie,Jellings,95,10,9
Cynthea,Monte,68,4,10
Cynthie,Hatzar,72,7,8
Dael,Londesborough,33,15,14
Dag,Bickersteth,37,11,10
Danette,Dimitriades,92,10,8
Darby,Trickett,25,1,7
Daryl,Wakes,94,2,10
Daven,Clewlow,84,4,6
Davidde,Henriksson,43,6,16
Davide,Pattenden,84,14,4
Deck,Bedenham,16,9,5
Dede,Hansie,48,3,9
Deeanne,Greves,82,14,1
Deidre,Otto,23,3,15
Dela,Antonchik,38,8,8
Delbert,Zellmer,85,5,15
Delcina,Kringe,68,15,5
Delinda,Sturdey,29,9,10
Demetris,Romanski,95,9,12
Demetris,Kurdani,56,13,6
Denver,Durrant,13,5,4
Derrek,Vondrach,43,1,15
Derwin,Hattigan,82,6,9
Devin,Harberer,91,10,11
Devin,Cambden,98,10,5
Devonne,Scoggin,33,8,2
Diann,Southwell,44,10,5
Dillon,Cowland,12,7,9
Doe,McPartling,32,4,6
Dolores,Deetlefs,77,3,9
Dominique,Brenston,94,7,10
Donavon,Platts,82,14,1
Donia,Crothers,26,8,9
Donia,Troillet,75,1,15
Donnamarie,Silversmidt,26,15,8
Doralynn,Brockley,99,12,2
Dorelle,Leng,17,16,16
Dorena,Werendell,73,3,8
Dorise,Espinel,65,2,1
Dorolice,O'Cahey,15,1,5
Dorothea,Falkus,80,9,12
Dory,Emerine,14,1,11
Dru,Ibbison,29,1,12
Drucie,Swaden,94,5,3
Drusie,Ragate,95,3,7
Dulsea,Shearsby,45,7,14
Dunc,Narbett,75,14,9
Dur,Genthner,14,10,5
Earl,Erik,42,3,8
Early,Yurkov,30,12,15
Eba,Camp,80,14,13
Eberhard,Laughtisse,76,12,8
Edin,Longworth,18,15,12
Edith,Londer,94,7,1
Edyth,Yurenev,87,1,11
Egor,Seedull,57,2,13
Eileen,Robben,16,14,7
Eimile,Grossier,24,4,9
El,Dunrige,73,12,7
Elie,Wedge,16,3,8
Elisabet,Malin,45,9,7
Elke,Canet,52,1,8
Ellerey,Blundel,69,1,4
Ellerey,Skillings,98,10,8
Else,Gaze,75,5,14
Elspeth,Yggo,19,1,5
Elton,Gregor,98,2,15
Emalia,Erbain,78,8,11
Emile,O'Hickee,37,2,9
Emiline,Timmins,62,6,9
Emilio,Klehyn,53,5,5
Emlynne,Zukerman,14,15,8
Emmott,Argont,61,3,14
Emmott,Mosedall,67,1,15
Enrica,Trank,46,1,7
Enrika,Hulatt,67,10,10
Ephraim,Whild,94,8,13
Ephraim,Crombleholme,81,5,3
Ephrem,Nowakowski,64,16,13
Erek,McCusker,52,5,4
Eric,Glynne,46,1,4
Ericha,Pounder,53,3,8
Erin,Urian,52,16,8
Ernst,Flemmich,87,13,6
Eryn,Trueman,13,16,15
Esmaria,Curds,54,11,10
Esme,Elcott,74,3,15
Etan,Hilhouse,72,1,13
Euell,Lytton,58,15,2
Eva,Pate,36,8,7
Evangelia,Leyban,71,7,2
Even,Dewitt,72,8,15
Ewart,Golds,81,3,10
Faydra,Laughrey,95,1,11
Fayre,Pelz,72,10,1
Felicdad,Hebble,19,4,1
Felicio,Broske,48,1,6
Fenelia,Flye,73,1,9
Feodora,Fremantle,60,14,14
Fern,Wollers,44,12,3
Ferrel,Hartnup,43,1,10
Fianna,Lumb,89,5,5
Fidela,Fraulo,53,10,3
Field,Gemson,81,1,1
Flemming,Cheyney,57,1,4
Flint,McBain,63,4,14
Flint,Kinmond,72,6,5
Flori,Boyle,65,4,8
Floria,Spurdle,88,1,15
Francesca,Vaggers,81,12,5
Franciska,Hickford,64,2,4
Frannie,Littrick,83,16,11
Franny,Linggard,71,9,8
Fred,Edden,67,15,4
Freddi,Pomphrett,35,12,1
Frederico,Guilloud,48,16,5
Fredrika,Bolderson,61,13,14
Friedrich,Shieldon,43,8,7
Gabe,Crampin,82,8,8
Gabi,Bradbury,50,13,9
Gabie,Beatey,37,14,12
Gabriel,MacTrusty,12,4,9
Gabriello,Ciardo,99,1,15
Gannie,Attawell,32,16,15
Gar,Kisbee,89,5,6
Garald,Marsay,15,15,12
Gardy,Sheather,49,4,12
Gardy,Cundict,47,16,15
Garnette,Macrae,20,6,5
Garold,Edbrooke,84,1,1
Garwin,MacMeanma,97,7,12
Gasper,Stickells,65,8,14
Gauthier,Raithmill,97,4,7
Gavan,Blitz,82,16,2
Gennie,O'Lunney,36,15,10
Georgena,Horrigan,42,2,12
Georgetta,Chippendale,54,2,6
Georgetta,Braunle,53,1,8
Georgy,Kayne,61,15,11
Georgy,Heard,79,7,1
Gerhardt,Parmley,67,16,3
Gerrie,Vurley,12,4,6
Gerrie,Pettersen,90,13,6
Gertie,Blakeborough,68,6,7
Gertrud,Davage,48,7,1
Gian,Matusiak,51,10,15
Giffard,Boycott,83,7,1
Gilberta,Jahn,17,8,7
Gilburt,Lowndesbrough,17,16,12
Gillan,Jermy,91,9,12
Gilly,Ponde,43,3,14
Giralda,Elloy,50,7,14
Gisele,Sowley,42,11,3
Giselle,Magenny,42,5,3
Giustino,Grayer,16,1,10
Glen,McFetridge,57,14,1
Gloriane,Erat,42,16,10
Goddart,Errey,39,7,5
Goldy,Sutton,18,4,2
Gracia,Dickman,92,15,5
Granger,Kilshaw,14,8,7
Grantley,Antonognoli,82,11,15
Gregg,Guilaem,41,15,5
Greta,Heber,61,14,15
Gretna,McConnal,70,16,16
Guinevere,Spleving,82,12,6
Gunter,Powe,60,12,12
Gunter,Loutheane,45,12,16
Guthry,Yearsley,55,8,16
Gweneth,Cham,32,4,3
Hadria,Bolding,67,11,7
Hagen,Simkovich,28,3,6
Haily,Schoular,41,14,14
Hakeem,Georg,75,16,5
Hanna,Jost,20,10,12
Hannie,Lamanby,52,6,6
Harlene,FitzGilbert,35,1,1
Harmony,Mulvenna,96,6,6
Harper,Thor,84,16,1
Harriott,Abel,92,10,7
Harv,Mackison,15,6,4
Haskel,Pauletti,91,1,8
Hayward,Wedlake,12,4,1
Heall,Vanne,29,15,6
Helyn,Outridge,53,13,14
Hendrika,McNeilly,17,3,5
Hermina,Filippello,57,2,11
Hertha,Tebb,95,4,2
Hetty,Rump,54,16,13
Hewitt,Mumbray,68,10,11
Hi,Moorwood,92,6,14
Hilde,Scarisbrick,94,1,15
Hillier,Medlin,48,4,15
Hillier,McMechan,78,16,8
Hilly,Madre,41,12,15
Hobard,Hurtic,69,5,2
Hollie,Dobble,87,3,16
Horace,Dysart,50,12,14
Horton,Sabine,26,1,1
Howey,Oakwood,41,7,15
Humfrid,Trollope,49,10,14
Hurley,Haworth,38,16,7
Hymie,Burchmore,12,5,6
Iago,Grestye,37,1,16
Idell,Beers,32,15,7
Iggie,Pennicard,86,5,10
Ingar,Laverick,28,7,10
Ingar,Walbridge,57,10,3
Ingemar,Duns,92,1,2
Iona,Causton,68,2,8
Iosep,Cardew,61,11,9
Isa,Rolf,40,6,6
Isaac,O' Donohue,47,8,13
Isac,Smalman,53,14,8
Isadora,Farrin,19,5,7
Isadore,Varnam,85,1,1
Isis,Martineau,81,16,8
Israel,Suttie,73,8,12
Ive,Volkers,55,4,5
Ives,Grason,12,15,2
Ivory,Halpeine,89,8,6
Izabel,Benediktsson,51,16,12
Jacinda,Huffadine,90,2,14
Jacinta,Ossulton,31,7,8
Jacklyn,Betteney,81,10,8
Jacquelynn,Skittle,16,13,11
Jacquie,Domican,32,9,15
Jacynth,Goddard,15,1,15
Jakob,Habble,41,11,8
Jami,Casper,79,2,8
Janella,Henzer,55,4,4
Janetta,Flacknell,59,8,14
Janina,Colkett,24,15,3
Jarid,Pattison,99,4,15
Jarret,Shimmans,52,8,1
Jase,Munro,27,16,1
Jeanine,MacFarland,67,6,16
Jeniece,Emmet,15,8,14
Jeniffer,Ruberry,45,1,5
Jenilee,Wheaton,12,12,10
Jennica,Hakey,28,12,16
Jeremias,Bonnell,58,4,4
Jerrold,McCome,55,6,16
Jesse,Browning,88,8,3
Jillayne,Blatherwick,12,7,13
Jobye,Boston,22,9,7
Jobyna,Gladwin,31,12,15
Joell,Brady,22,2,14
Johan,Palle,33,1,12
Johannah,Ambrogetti,33,11,14
Johnath,Acres,72,7,16
Johnathan,Swiffen,19,6,8
Jonell,Deluze,72,2,7
Jordain,Mayne,85,11,1
Jordain,Sulley,49,4,8
Joscelin,Theunissen,91,7,14
Jozef,Gomersal,51,3,5
Judah,Greenside,82,2,5
Judah,Allsobrook,38,2,14
Judie,Clendennen,41,3,2
Juieta,Matuszak,85,3,8
Juliane,Filson,55,1,16
Julie,Gretham,86,16,6
Julienne,Bassom,12,4,7
Juliet,Dicte,23,16,12
Julissa,Cathrae,30,7,7
Julissa,Mazin,62,2,2
June,Cayley,15,6,14
Justin,O'Gleasane,46,13,1
Kaia,Sucre,39,3,7
Kaiser,Semble,55,13,6
Karalee,Kienle,78,13,1
Karalynn,Le land,35,3,10
Karim,McCullouch,66,10,11
Karin,Doull,32,2,8
Karina,Luckett,50,1,10
Karina,Crowcroft,55,15,15
Karlik,Leatt,81,3,15
Karole,Fosdike,21,10,8
Katharina,Blowers,64,5,11
Katherine,Sabater,59,14,14
Katheryn,O'Carroll,73,14,14
Katheryn,McCluin,40,13,10
Kathlin,Duester,43,2,8
Katuscha,Neate,73,7,8
Kay,Beedie,20,5,3
Kaye,Crompton,20,7,10
Keenan,Gwilym,55,6,14
Kellie,Griffoen,99,3,3
Kellina,Twinterman,17,4,13
Kellyann,Daborne,88,3,1
Kendal,Poytres,26,16,10
Kendell,Flintiff,25,13,4
Kerianne,Kahn,21,7,12
Kermit,Mallinar,57,7,6
Kerri,California,99,1,11
Kevan,Densham,15,9,2
Kiele,Quadrio,92,10,13
Kienan,Devon,72,2,8
Kiley,Bowdon,38,14,15
Kingsly,Hanson,23,8,12
Kippie,Goundsy,20,3,2
Kira,Grealey,97,14,6
Kirstin,Konzelmann,74,3,6
Kissee,Pullen,83,7,13
Klement,Gwillyam,71,4,3
Kleon,Basley,22,14,1
Koral,Stowell,89,10,10
Korella,Crowcombe,16,4,10
Krispin,Pochet,46,4,6
Krista,Falco,37,7,9
Kristal,Shippard,40,3,10
Kristal,Hedditch,39,11,11
Kristi,Hesse,61,15,8
Kristoforo,Key,49,5,7
Krystalle,Bagnold,77,4,2
La verne,Dzeniskevich,29,16,7
La verne,Newsham,49,11,16
Laetitia,Gerleit,38,2,10
Laney,Boteman,73,14,3
Langsdon,Ping,95,11,10
Lanita,Cabena,12,1,10
Lannie,Treamayne,80,14,8
Larina,MacElroy,26,16,11
Larine,Lade,49,14,15
Larry,Cleevely,98,1,15
Laurella,Idle,54,16,3
Lauren,Oger,43,12,5
Lavina,Swigg,61,14,9
Lavinie,Gilhouley,50,12,10
Layne,Woodfin,61,7,11
Layney,Jahan,98,7,13
Lazarus,Korting,19,16,9
Leese,Eates,50,3,1
Legra,Konmann,87,12,15
Legra,Stotherfield,19,11,11
Lenci,Dukes,39,16,16
Lenka,Lindman,72,2,15
Leonid,McFall,27,1,12
Leontyne,Bavage,52,8,1
Leopold,Beminster,12,7,1
Leroi,Badland,89,14,7
Leticia,Van Salzberger,86,4,6
Leticia,Lammerts,97,16,1
Letizia,Jenno,41,5,4
Letizia,Ife,84,8,3
Letta,Callendar,28,16,3
Levi,Iacomini,62,7,14
Levy,Drillingcourt,43,14,6
Liesa,Scarfe,29,13,14
Lillis,Spurrier,31,6,9
Lilllie,Rozenbaum,25,9,8
Lilyan,Lording,49,10,5
Lilyan,Raggitt,51,1,11
Lindie,Samper,38,1,12
Lindsay,Danjoie,66,7,10
Linell,Yakobowitz,79,4,16
Linn,Burlay,61,7,1
Linnea,Manueli,31,9,15
Linnie,Thaim,89,16,6
Lion,Menauteau,80,4,14
Lionel,Pashe,46,16,13
Lionello,Hynde,20,5,5
Liv,Wellstead,28,7,2
Liza,Broadley,18,11,15
Lizzie,Lidell,13,12,11
Lonnie,Newrick,82,12,1
Lonny,Adkins,86,8,13
Lorrin,Kardos-Stowe,23,3,9
Lorry,Bryant,48,14,8
Lory,Catherick,55,10,6
Lotte,Allabarton,65,3,8
Louella,Sawrey,59,3,13
Lucina,Cranney,73,4,11
Lucius,Patullo,46,13,8
Luke,Rowlatt,41,5,14
Lyn,Woods,53,16,12
Lynelle,Giorgetti,17,6,14
Lynn,Kenan,67,14,8
Lynsey,Chasemore,29,3,7
Mabelle,Tutin,88,1,6
Madalena,Elderidge,86,7,8
Madel,Mount,22,10,16
Madeleine,Fish,45,13,16
Madelena,Ummfrey,53,14,12
Madelina,Zollner,78,15,9
Mag,Rapi,75,15,10
Magdalena,Verriour,83,13,5
Mahmoud,Tebald,74,9,5
Maison,Breedy,93,15,6
Mamie,Dayborne,32,4,11
Mamie,Twine,35,16,10
Mano,Berggren,46,16,10
Manolo,Meconi,38,8,14
Marc,Eschalotte,26,14,15
Marcella,Lowde,54,16,9
Marcella,Shields,28,14,5
Marcello,Deeny,59,12,6
Marcello,Bowker,42,13,8
Marcile,Cansdall,49,7,11
Marcos,Philipard,68,14,1
Marcy,Bercevelo,30,2,6
Maren,Catenot,96,2,9
Margareta,Loisi,93,9,12
Margarethe,Walcher,64,2,3
Margery,Tylor,65,6,14
Margery,Blissett,66,8,6
Margie,Lambie,78,14,10
Mariette,Lighten,99,3,8
Marin,Signe,94,10,14
Marina,Mc Combe,66,3,9
Marissa,McLemon,90,16,2
Mark,Lynes,32,14,14
Markus,Kisby,18,1,16
Marlena,McIndrew,40,1,7
Marlin,Stollhofer,79,11,12
Marline,Boissier,57,3,2
Marlo,Tiebe,25,5,1
Marmaduke,Beggio,30,3,15
Marsiella,Hazelden,65,8,8
Marta,Este,59,6,10
Marti,Blaisdale,62,14,6
Martie,Borsay,77,10,6
Martina,Drohun,90,6,5
Maryanne,Canby,62,7,12
Maryjane,Cully,95,7,9
Marysa,Haselwood,88,8,10
Mata,Szimoni,50,13,14
Mathian,Cowie,61,2,11
Matthieu,O'Neill,79,1,8
Matthiew,Breem,57,13,4
Maura,Woltering,37,3,7
Maureen,Cotelard,71,9,11
Maurits,Winson,53,2,15
Maybelle,Ottam,18,9,9
Mayer,Myott,12,16,8
Mead,Lyston,40,3,3
Mead,Leward,74,9,16
Megan,Schuelcke,50,6,5
Melania,Benettini,52,1,7
Melisenda,Farndell,20,3,13
Melisse,Poate,43,7,14
Mellisent,Coldridge,26,11,1
Meridel,Hodgen,30,7,3
Merill,Suller,85,14,11
Merrie,Heatlie,35,12,15
Merwyn,Boutflour,42,10,1
Michel,Speedin,97,6,11
Michelina,Guitt,64,8,5
Milli,Loins,82,1,13
Mimi,Lowton,68,15,2
Min,Kennington,92,16,1
Miquela,Knell,79,16,12
Mirabella,Ligertwood,20,5,10
Mirabelle,Songest,69,6,15
Mitchel,Rudgerd,83,13,15
Monro,Rossey,72,8,15
Monroe,Valler,60,4,16
Morrie,Saddington,62,1,3
Morten,Khan,81,6,2
Mufi,Watmough,19,9,11
Mufinella,Speachley,45,7,8
Muhammad,Bellas,71,1,8
Munroe,Hembling,23,5,16
Mureil,Kenrick,36,14,13
Myrle,Guttridge,55,9,14
Myrvyn,Telfer,13,14,12
Nadeen,Mcall,20,3,3
Nan,Peters,52,10,11
Nanci,Birts,56,1,13
Nanine,Guitonneau,73,14,8
Nat,Burwell,91,1,6
Nat,Dumingo,51,7,16
Nat,Deesly,34,16,13
Nata,Element,49,2,15
Natalie,Deal,66,5,7
Natividad,Castiglione,87,16,10
Nedda,Mates,71,16,6
Neile,Kohlert,92,10,6
Nels,Pither,17,10,9
Nero,Steffan,54,4,6
Nester,Grove,51,5,9
Netta,Hulbert,88,3,8
Nevins,Brokenshaw,62,5,7
Nial,Yonge,91,6,13
Nicolas,Antoinet,85,10,2
Nicoli,MacTurlough,35,14,1
Nikita,Ragbourne,56,3,5
Nikolas,Buzek,23,16,12
Ninette,Jannaway,71,9,5
Ninnetta,Salmon,80,15,12
Nollie,Truswell,30,10,2
Nonna,Ginner,72,6,12
Nonnah,Carles,55,9,16
Norma,Dey,22,7,9
Norman,Le Leu,47,6,2
Northrop,Sanbrook,87,3,8
Obadias,Balcock,37,14,11
Obadias,Abbyss,22,13,15
Oberon,Albers,50,9,3
Octavius,Weagener,12,12,10
Odetta,Kubatsch,80,8,12
Ogdan,Farlham,78,7,6
Olivero,Kenney,94,15,6
Oona,Hazzard,95,9,13
Ophelie,Little,27,3,6
Ophelie,Sommerton,42,3,9
Oralla,Skeffington,35,14,9
Orlando,Dominy,62,16,12
Orly,Endicott,97,16,3
Orton,Nasi,43,6,14
Orton,Jahn,86,14,12
Osborn,Kettel,32,16,14
Osborne,Entres,22,1,14
Padraig,Lints,70,12,13
Padriac,Douce,81,16,5
Padriac,Preuvost,52,3,6
Palmer,Groll,72,9,7
Palmer,Jilkes,53,5,2
Pamela,Keynes,15,2,14
Pansy,Di Biasi,49,7,5
Parnell,Downgate,13,16,7
Pascal,Warne,87,3,12
Pat,Tombleson,83,3,16
Pattie,Piken,94,15,9
Patton,McCullough,55,2,13
Patty,Comport,42,3,2
Paule,Chishull,33,16,6
Paulette,Hubatsch,43,13,3
Pauline,Lisle,17,16,8
Paxton,Blenkhorn,26,14,8
Peggi,Jensen,12,2,3
Peggie,Sherwin,96,11,3
Peggy,McKeever,23,2,9
Peirce,Bellsham,15,16,10
Pen,Cagan,51,10,5
Phaedra,Sisley,14,10,11
Phillip,Engel,41,2,15
Pip,Greeve,24,10,13
Pollyanna,Hogsden,43,6,10
Prentiss,Gillies,16,1,12
Prince,Brendel,66,5,6
Pris,Kinchlea,92,6,13
Priscella,Loxly,79,16,8
Prudi,Brookfield,54,7,5
Rab,Lineen,56,12,5
Rad,Casiero,70,2,5
Raff,Culleford,65,16,14
Raimondo,Bartleman,21,3,8
Ralph,Fieller,75,10,11
Randall,Sket,82,8,8
Ranee,Arling,32,12,6
Ranique,Werendell,80,7,2
Raquela,Chrispin,68,9,6
Rebeka,Craister,44,14,10
Reece,Glaister,13,14,3
Reena,Waith,81,1,7
Reeva,Lutton,15,5,7
Regen,Tabbitt,16,12,5
Regina,Andreassen,31,3,3
Reinold,Isoldi,32,16,4
Renee,Fassan,13,14,6
Retha,Lewing,30,6,8
Reynold,Planke,56,10,4
Rhoda,Hollingsby,34,15,9
Rhona,Lorenz,94,15,5
Rhys,Rickersey,34,16,7
Rick,Kopp,37,14,5
Ricoriki,Letterese,70,9,11
Rikki,Marusyak,23,16,11
Rina,Manjin,21,16,11
Risa,Pero,46,14,14
Ritchie,Bispham,21,16,9
Rob,Brunton,40,1,8
Rob,Ellis,97,6,16
Robena,MacElharge,72,8,2
Robenia,Piburn,90,16,11
Robinetta,Klain,31,10,12
Rockie,Elington,19,10,10
Roddy,Beeho,44,2,15
Ronna,Baber,88,6,10
Rorke,Heball,17,3,7
Rosanne,Eick,79,2,14
Roscoe,Medler,36,9,12
Roseline,Harlin,23,4,1
Rosemaria,Dursley,64,9,5
Rosie,Baylay,31,16,7
Royal,Robarts,90,12,6
Rustie,Patterson,50,1,1
Ruth,Adney,98,5,7
Sabina,Baselio,35,6,12
Sadie,Pimer,92,16,13
Sal,Saturley,33,16,5
Saleem,Sliney,44,3,7
Sallie,Rumke,99,16,3
Salomo,Spellar,31,16,1
Salvador,Skillings,62,5,1
Sancho,Slocket,61,14,8
Sanders,Kilgour,75,15,13
Sarge,de Savery,56,14,15
Sasha,Jeacocke,63,14,7
Saunders,Ceney,94,11,8
Saxe,Kemitt,46,3,5
Saxon,Borless,42,4,1
Saxon,Dinnage,33,1,10
Sayer,Shanahan,75,13,12
Sela,Jeune,63,5,8
Selena,Odby,85,15,10
Selig,Morant,60,5,5
Sena,Edmonds,13,9,14
Sergei,Mathiasen,89,14,16
Sergent,Refford,72,12,15
Shadow,Pedrocchi,21,16,5
Shannan,Castell,50,1,15
Shanta,Obee,60,8,4
Shantee,Lucock,91,4,8
Sharona,Huton,80,5,14
Shawn,Hilldrup,36,8,12
Shay,Finders,32,14,3
Shea,Pettyfer,29,15,8
Shelby,Carthew,92,4,15
Sherline,Diack,38,12,2
Sherman,Sharer,91,3,8
Shina,Andryushin,52,6,4
Shina,Braunthal,20,6,14
Shir,Waldie,13,14,2
Shir,Bonass,28,7,13
Shirl,Knell,66,16,8
Shurlocke,Kilgrove,55,8,5
Si,Reinbeck,26,15,13
Sibley,De Fries,60,3,5
Sigismundo,Glew,89,3,8
Sigismundo,Ajsik,16,4,7
Sim,Rouchy,84,14,12
Siusan,MacCafferky,42,6,13
Skipper,Pre,86,6,9
Skipton,Leas,61,12,9
Sorcha,Harome,67,3,5
Stearn,Ashcroft,86,13,2
Stepha,MacKey,93,4,14
Stephan,Harrill,12,12,9
Stephana,Nobes,75,1,15
Stephie,Vel,56,1,11
Stephie,Brosnan,12,9,6
Stephine,Bathowe,73,2,14
Stern,Fanshaw,99,2,12
Steve ,Rogers,98,1,13
Sukey,Shingler,43,8,9
Sullivan,Fuxman,47,16,8
Sven,Rickford,15,7,6
Sybil,Carpe,42,9,2
Sydney,Duplan,16,7,11
Tabb,Hauxby,18,8,5
Tabbitha,Itzhayek,51,6,13
Tallia,Buse,61,16,7
Tamiko,Tabour,15,2,8
Tammie,Newitt,27,7,6
Tansy,Pirrie,92,16,6
Ted,Pinnijar,97,7,14
Tedd,Gonsalvo,40,10,5
Teena,Coughan,38,3,1
Teodorico,Hairs,62,3,5
Terencio,Radmore,78,6,14
Teresita,Coughlan,73,14,11
Terrell,Briffett,41,1,9
Terrijo,Goseling,16,4,3
Thaddus,Trueman,32,16,8
Thadeus,Beelby,12,2,9
Theda,Philippet,78,13,7
Thedrick,Shadwick,85,8,9
Thekla,Haswell,79,2,3
Theodosia,Shemmans,68,15,8
Theresita,Reolfo,19,15,3
Thor,Hammill,92,16,16
Thurstan,Songust,74,15,15
Tiebout,Donaher,49,9,13
Tiffanie,Kimm,44,10,1
Tiffany,Giddins,76,11,5
Timotheus,Gilfillan,21,8,8
Titus,Depka,96,14,15
Tobie,Olden,19,4,6
Tobin,Paolinelli,67,15,7
Toby,Callaghan,28,9,1
Toddy,Desaur,62,15,5
Tonnie,Drever,38,1,6
Tony,Stark,48,10,5
Tonye,Nelsey,80,3,15
Tory,Flockhart,98,5,13
Tracy,Lording,69,4,5
Travis,Keitch,76,8,8
Trey,Kattenhorn,12,14,3
Trish,Fayerman,77,13,5
Trista,Bausmann,29,10,14
Tristam,Belshaw,18,10,7
Trixi,Quernel,33,16,9
Trude,Caselick,78,9,8
Trudy,Gotcliffe,28,4,5
Tuesday,Gameson,82,6,10
Tymothy,McFade,59,7,1
Tynan,Hugonneau,67,13,11
Ulric,Ingrem,26,10,12
Ulrica,Sedcole,99,3,5
Vale,Bartels,12,2,12
Vale,McPhater,92,11,3
Valene,McLarnon,27,7,8
Valerie,Deroche,29,3,15
Valma,Helliker,55,1,15
Vance,Standfield,20,4,11
Vaughn,Leisman,52,15,10
Vera,Farrow,33,6,16
Verene,Lumpkin,26,16,11
Verene,Mennell,79,2,1
Vergil,Putten,45,2,8
Veriee,Curthoys,98,15,12
Verile,Weatherburn,83,15,11
Vernon,Mullard,67,12,11
Vick,Petras,42,6,8
Vicki,Tourville,54,7,14
Vidovic,Molohan,61,9,1
Vin,Kemery,90,2,1
Vincenty,McMurray,66,1,7
Violetta,Elsmore,97,4,7
Virge,Dunsmore,72,6,4
Vitia,Sheekey,25,6,16
Vivienne,Lidgate,74,2,14
Vlad,Yateman,38,3,8
Wain,Horrigan,49,16,9
Wally,de Aguirre,43,15,7
Walt,Skellen,27,3,10
Walton,Dugget,87,15,16
Walton,Badcock,60,10,7
Waverly,Hames,98,12,4
Wayland,Buer,67,10,1
Weber,Adelsberg,45,1,13
Wendeline,Izhak,20,13,14
Wendy,Stormonth,34,2,8
Werner,Tyght,63,16,14
Weylin,Yedall,56,9,13
Whitby,Carlsson,58,3,10
Wilek,Headrick,68,14,4
Wilhelmine,Vidler,13,3,1
Willey,Downey,64,16,14
Willow,Ilchenko,65,9,8
Winnah,Malden,12,10,3
Winnah,Bellas,43,3,9
Worth,Fromant,55,5,15
Wrennie,Lincke,99,11,1
Wyn,Brockelsby,22,8,7
Xylia,Wank,38,9,14
Yancy,Hanwell,92,6,13
Yolanthe,Mordey,29,13,3
Yorgos,MacGillicuddy,70,11,8
Yovonnda,Bilam,77,3,2
Yvor,Banfield,41,13,8
Zabrina,Latchford,82,15,10
Zacharie,Ruben,12,7,13
Zachery,McGucken,45,5,15
Zaneta,Lamlin,56,8,9
Zared,Gobell,17,11,12
Zerk,Greggersen,71,15,3
,,0,0,0
,,0,0,0
,,0,0,0
,,0,0,0
,,0,0,0
,,0,0,0
,,0,0,0
,,0,0,0
,,0,0,0
,,0,0,0
,,0,0,0
,,0,0,0
,,0,0,0
,,0,0,0
,,0,0,0
,,0,0,0
,,0,0,0
,,0,0,0
,,0,0,0
,,0,0,0
,,0,0,0
,,0,0,0
,,0,0,0
,,0,0,0
,,0,0,0
,,0,0,0
,,0,0,0
,,0,0,0
,,0,0,0
,,0,0,0
,,0,0,0
,,0,0,0
,,0,0,0
,,0,0,0
,,0,0,0
,,0,0,0
,,0,0,0
,,0,0,0
,,0,0,0
,,0,0,0
,,0,0,0
,,0,0,0
,,0,0,0
,,0,0,0
,,0,0,0
,,0,0,0
,,0,0,0
,,0,0,0
,,0,0,0
,,0,0,0
,,0,0,0
,,0,0,0
,,0,0,0
,,0,0,0
,,0,0,0
,,0,0,0
,,0,0,0
,,0,0,0
,,0,0,0
,,0,0,0
,,0,0,0
,,0,0,0
,,0,0,0
,,0,0,0
,,0,0,0
,,0,0,0
,,0,0,0
,,0,0,0
,,0,0,0
,,0,0,0
,,0,0,0
,,0,0,0
,,0,0,0
,,0,0,0
,,0,0,0
,,0,0,0
,,0,0,0
,,0,0,0
,,0,0,0
,,0,0,0
,,0,0,0
,,0,0,0
,,0,0,0
,,0,0,0
,,0,0,0
,,0,0,0
,,0,0,0
,,0,0,0
,,0,0,0
,,0,0,0
,,0,0,0
,,0,0,0
,,0,0,0
,,0,0,0
,,0,0,0
,,0,0,0
,,0,0,0
,,0,0,0
,,0,0,0
,,0,0,0
,,0,0,0
,,0,0,0
,,0,0,0
,,0,0,0
,,0,0,0
,,0,0,0
,,0,0,0
,,0,0,0
,,0,0,0
,,0,0,0
,,0,0,0
,,0,0,0
,,0,0,0
,,0,0,0
,,0,0,0
,,0,0,0
,,0,0,0
,,0,0,0
,,0,0,0
,,0,0,0
,,0,0,0
,,0,0,0
,,0,0,0
,,0,0,0
,,0,0,0
,,0,0,0
,,0,0,0
,,0,0,0
,,0,0,0
,,0,0,0
,,0,0,0
,,0,0,0
,,0,0,0
,,0,0,0
,,0,0,0
,,0,0,0
,,0,0,0
,,0,0,0
,,0,0,0
,,0,0,0
,,0,0,0
,,0,0,0
,,0,0,0
,,0,0,0
,,0,0,0
,,0,0,0
,,0,0,0
,,0,0,0
,,0,0,0
,,0,0,0
,,0,0,0
,,0,0,0
,,0,0,0
,,0,0,0
,,0,0,0
,,0,0,0
,,0,0,0
,,0,0,0
,,0,0,0
,,0,0,0
,,0,0,0
,,0,0,0
,,0,0,0
,,0,0,0
,,0,0,0
,,0,0,0
,,0,0,0
,,0,0,0
,,0,0,0
,,0,0,0
,,0,0,0
,,0,0,0
,,0,0,0
,,0,0,0
,,0,0,0
,,0,0,0
,,0,0,0
,,0,0,0
,,0,0,0
,,0,0,0
,,0,0,0
,,0,0,0
,,0,0,0
,,0,0,0
,,0,0,0
,,0,0,0
,,0,0,0
,,0,0,0
,,0,0,0
,,0,0,0
,,0,0,0
,,0,0,0
,,0,0,0
,,0,0,0
,,0,0,0
,,0,0,0
,,0,0,0
,,0,0,0
,,0,0,0
,,0,0,0
,,0,0,0
,,0,0,0
,,0,0,0
,,0,0,0
,,0,0,0
,,0,0,0
,,0,0,0
,,0,0,0
,,0,0,0
,,0,0,0
,,0,0,0
,,0,0,0
,,0,0,0
,,0,0,0
,,0,0,0
,,0,0,0
,,0,0,0
,,0,0,0
,,0,0,0
,,0,0,0
,,0,0,0
,,0,0,0
,,0,0,0
,,0,0,0
,,0,0,0
,,0,0,0
,,0,0,0
,,0,0,0
,,0,0,0
,,0,0,0
,,0,0,0
,,0,0,0
,,0,0,0
,,0,0,0
,,0,0,0
,,0,0,0
,,0,0,0
,,0,0,0
,,0,0,0
,,0,0,0
,,0,0,0
,,0,0,0
,,0,0,0
,,0,0,0
,,0,0,0
,,0,0,0
,,0,0,0
,,0,0,0
,,0,0,0
,,0,0,0
,,0,0,0
,,0,0,0
,,0,0,0
,,0,0,0
,,0,0,0
,,0,0,0
,,0,0,0
,,0,0,0
,,0,0,0
,,0,0,0
,,0,0,0
,,0,0,0
,,0,0,0
,,0,0,0
,,0,0,0
,,0,0,0
,,0,0,0
,,0,0,0
,,0,0,0
,,0,0,0
,,0,0,0
,,0,0,0
,,0,0,0
,,0,0,0
,,0,0,0
,,0,0,0
,,0,0,0
,,0,0,0
,,0,0,0
,,0,0,0
,,0,0,0
,,0,0,0
,,0,0,0
,,0,0,0
,,0,0,0
,,0,0,0
,,0,0,0
,,0,0,0
,,0,0,0
,,0,0,0
,,0,0,0
,,0,0,0
,,0,0,0
,,0,0,0
,,0,0,0
,,0,0,0
,,0,0,0
,,0,0,0
,,0,0,0
,,0,0,0
,,0,0,0
,,0,0,0
,,0,0,0
,,0,0,0
,,0,0,0
,,0,0,0
,,0,0,0
,,0,0,0
,,0,0,0
,,0,0,0
,,0,0,0
,,0,0,0
,,0,0,0
,,0,0,0
,,0,0,0
,,0,0,0
,,0,0,0
,,0,0,0
,,0,0,0
,,0,0,0
,,0,0,0
,,0,0,0
,,0,0,0
,,0,0,0
,,0,0,0
,,0,0,0
,,0,0,0
,,0,0,0
,,0,0,0
,,0,0,0
,,0,0,0
,,0,0,0
,,0,0,0
,,0,0,0
,,0,0,0
,,0,0,0
,,0,0,0
,,0,0,0
,,0,0,0
,,0,0,0
,,0,0,0
,,0,0,0
,,0,0,0
,,0,0,0
,,0,0,0
,,0,0,0
,,0,0,0
,,0,0,0
,,0,0,0
,,0,0,0
,,0,0,0
,,0,0,0
,,0,0,0
,,0,0,0
,,0,0,0
,,0,0,0
,,0,0,0
,,0,0,0
,,0,0,0
,,0,0,0
,,0,0,0
,,0,0,0
,,0,0,0
,,0,0,0
,,0,0,0
,,0,0,0
,,0,0,0
,,0,0,0
,,0,0,0
,,0,0,0
,,0,0,0
,,0,0,0
,,0,0,0
,,0,0,0
,,0,0,0
,,0,0,0
,,0,0,0
,,0,0,0
,,0,0,0
,,0,0,0
,,0,0,0
,,0,0,0
,,0,0,0
,,0,0,0
,,0,0,0
,,0,0,0
,,0,0,0
,,0,0,0
,,0,0,0
,,0,0,0
,,0,0,0
,,0,0,0
,,0,0,0
,,0,0,0
,,0,0,0
,,0,0,0
,,0,0,0
,,0,0,0
,,0,0,0
,,0,0,0
,,0,0,0
,,0,0,0
,,0,0,0
,,0,0,0
,,0,0,0
,,0,0,0
,,0,0,0
,,0,0,0
,,0,0,0
,,0,0,0
,,0,0,0
,,0,0,0
,,0,0,0
,,0,0,0
,,0,0,0
,,0,0,0
,,0,0,0
,,0,0,0
,,0,0,0
,,0,0,0
,,0,0,0
,,0,0,0
,,0,0,0
,,0,0,0
,,0,0,0
,,0,0,0
,,0,0,0
,,0,0,0
,,0,0,0
,,0,0,0
,,0,0,0
,,0,0,0
,,0,0,0
,,0,0,0
,,0,0,0
,,0,0,0
,,0,0,0
,,0,0,0
,,0,0,0
,,0,0,0
,,0,0,0
,,0,0,0
,,0,0,0
,,0,0,0
,,0,0,0
,,0,0,0
,,0,0,0
,,0,0,0
,,0,0,0
,,0,0,0
,,0,0,0
,,0,0,0
,,0,0,0
,,0,0,0
,,0,0,0
,,0,0,0
,,0,0,0
,,0,0,0
,,0,0,0
,,0,0,0
,,0,0,0
,,0,0,0
,,0,0,0
,,0,0,0
,,0,0,0
,,0,0,0
,,0,0,0
,,0,0,0
,,0,0,0
,,0,0,0
,,0,0,0
,,0,0,0
,,0,0,0
,,0,0,0
,,0,0,0
,,0,0,0
,,0,0,0
,,0,0,0
,,0,0,0
,,0,0,0
,,0,0,0
,,0,0,0
,,0,0,0
,,0,0,0
,,0,0,0
,,0,0,0
,,0,0,0
,,0,0,0
,,0,0,0
,,0,0,0
,,0,0,0
,,0,0,0
,,0,0,0
,,0,0,0
,,0,0,0
,,0,0,0
,,0,0,0
,,0,0,0
,,0,0,0
,,0,0,0
,,0,0,0
,,0,0,0
,,0,0,0
,,0,0,0
,,0,0,0
,,0,0,0
,,0,0,0
,,0,0,0
,,0,0,0
,,0,0,0
,,0,0,0
,,0,0,0
,,0,0,0
,,0,0,0
,,0,0,0
,,0,0,0
,,0,0,0
,,0,0,0
,,0,0,0
,,0,0,0
,,0,0,0
,,0,0,0
,,0,0,0
,,0,0,0
,,0,0,0
,,0,0,0
,,0,0,0
,,0,0,0
,,0,0,0
,,0,0,0
,,0,0,0
,,0,0,0
,,0,0,0
,,0,0,0
,,0,0,0
,,0,0,0
,,0,0,0
,,0,0,0
,,0,0,0
,,0,0,0
,,0,0,0
,,0,0,0
,,0,0,0
,,0,0,0
,,0,0,0
,,0,0,0
,,0,0,0
,,0,0,0
,,0,0,0
,,0,0,0
,,0,0,0
,,0,0,0
,,0,0,0
,,0,0,0
,,0,0,0
,,0,0,0
,,0,0,0
,,0,0,0
,,0,0,0
,,0,0,0
,,0,0,0
,,0,0,0
,,0,0,0
,,0,0,0
,,0,0,0
,,0,0,0
,,0,0,0
,,0,0,0
,,0,0,0
,,0,0,0
,,0,0,0
,,0,0,0
,,0,0,0
,,0,0,0
,,0,0,0
,,0,0,0
,,0,0,0
,,0,0,0
,,0,0,0
,,0,0,0
,,0,0,0
,,0,0,0
,,0,0,0
,,0,0,0
,,0,0,0
,,0,0,0
,,0,0,0
,,0,0,0
,,0,0,0
,,0,0,0
,,0,0,0
,,0,0,0
,,0,0,0
,,0,0,0
,,0,0,0
,,0,0,0
,,0,0,0
,,0,0,0
,,0,0,0
,,0,0,0
,,0,0,0
,,0,0,0
,,0,0,0
,,0,0,0
,,0,0,0
,,0,0,0
,,0,0,0
,,0,0,0
,,0,0,0
,,0,0,0
,,0,0,0
,,0,0,0
,,0,0,0
,,0,0,0
,,0,0,0
,,0,0,0
,,0,0,0
,,0,0,0
,,0,0,0
,,0,0,0
,,0,0,0
,,0,0,0
,,0,0,0
,,0,0,0
,,0,0,0
,,0,0,0
,,0,0,0
,,0,0,0
,,0,0,0
,,0,0,0
,,0,0,0
,,0,0,0
,,0,0,0
,,0,0,0
,,0,0,0
,,0,0,0
,,0,0,0
,,0,0,0
,,0,0,0
,,0,0,0
,,0,0,0
,,0,0,0
,,0,0,0
,,0,0,0
,,0,0,0
,,0,0,0
,,0,0,0
,,0,0,0
,,0,0,0
,,0,0,0
,,0,0,0
,,0,0,0
,,0,0,0
,,0,0,0
,,0,0,0
,,0,0,0
,,0,0,0
,,0,0,0
,,0,0,0
,,0,0,0
,,0,0,0
,,0,0,0
,,0,0,0
,,0,0,0
,,0,0,0
,,0,0,0
,,0,0,0
,,0,0,0
,,0,0,0
,,0,0,0
,,0,0,0
,,0,0,0
,,0,0,0
,,0,0,0
,,0,0,0
,,0,0,0
,,0,0,0
,,0,0,0
,,0,0,0
,,0,0,0
,,0,0,0
,,0,0,0
,,0,0,0
,,0,0,0
,,0,0,0
,,0,0,0
,,0,0,0
,,0,0,0
,,0,0,0
,,0,0,0
,,0,0,0
,,0,0,0
,,0,0,0
,,0,0,0
,,0,0,0
,,0,0,0
,,0,0,0
,,0,0,0
,,0,0,0
,,0,0,0
,,0,0,0
,,0,0,0
,,0,0,0
,,0,0,0
,,0,0,0
,,0,0,0
,,0,0,0
,,0,0,0
,,0,0,0
,,0,0,0
,,0,0,0
,,0,0,0
,,0,0,0
,,0,0,0
,,0,0,0
,,0,0,0
,,0,0,0
,,0,0,0
,,0,0,0
,,0,0,0
,,0,0,0
,,0,0,0
,,0,0,0
,,0,0,0
,,0,0,0
,,0,0,0
,,0,0,0
,,0,0,0
,,0,0,0
,,0,0,0
,,0,0,0
,,0,0,0
,,0,0,0
,,0,0,0
,,0,0,0
,,0,0,0
,,0,0,0
,,0,0,0
,,0,0,0
,,0,0,0
,,0,0,0
,,0,0,0
,,0,0,0
,,0,0,0
,,0,0,0
,,0,0,0
,,0,0,0
,,0,0,0
,,0,0,0
,,0,0,0
,,0,0,0
,,0,0,0
,,0,0,0
,,0,0,0
,,0,0,0
,,0,0,0
,,0,0,0
,,0,0,0
,,0,0,0
,,0,0,0
,,0,0,0
,,0,0,0
,,0,0,0
,,0,0,0
,,0,0,0
,,0,0,0
,,0,0,0
,,0,0,0
,,0,0,0
,,0,0,0
,,0,0,0
,,0,0,0
,,0,0,0
,,0,0,0
,,0,0,0
,,0,0,0
,,0,0,0
,,0,0,0
,,0,0,0
,,0,0,0
,,0,0,0
,,0,0,0
,,0,0,0
,,0,0,0
,,0,0,0
,,0,0,0
,,0,0,0
,,0,0,0
,,0,0,0
,,0,0,0
,,0,0,0
,,0,0,0
,,0,0,0
,,0,0,0
,,0,0,0
,,0,0,0
,,0,0,0
,,0,0,0
,,0,0,0
,,0,0,0
,,0,0,0
,,0,0,0
,,0,0,0
,,0,0,0
,,0,0,0
,,0,0,0
,,0,0,0
,,0,0,0
,,0,0,0
,,0,0,0
,,0,0,0
,,0,0,0
,,0,0,0
,,0,0,0
,,0,0,0
,,0,0,0
,,0,0,0
,,0,0,0
,,0,0,0
,,0,0,0
,,0,0,0
,,0,0,0
,,0,0,0
,,0,0,0
,,0,0,0
,,0,0,0
,,0,0,0
,,0,0,0
,,0,0,0
,,0,0,0
,,0,0,0
,,0,0,0
,,0,0,0
,,0,0,0
,,0,0,0
,,0,0,0
,,0,0,0
,,0,0,0
,,0,0,0
,,0,0,0
,,0,0,0
,,0,0,0
,,0,0,0
,,0,0,0
,,0,0,0
,,0,0,0
,,0,0,0
,,0,0,0
,,0,0,0
,,0,0,0
,,0,0,0
,,0,0,0
,,0,0,0
,,0,0,0
,,0,0,0
,,0,0,0
,,0,0,0
,,0,0,0
,,0,0,0
,,0,0,0
,,0,0,0
,,0,0,0
,,0,0,0
,,0,0,0
,,0,0,0
,,0,0,0
,,0,0,0
,,0,0,0
,,0,0,0
,,0,0,0
,,0,0,0
,,0,0,0
,,0,0,0
,,0,0,0
,,0,0,0
,,0,0,0
,,0,0,0
,,0,0,0
,,0,0,0
,,0,0,0
,,0,0,0
,,0,0,0
,,0,0,0
,,0,0,0
,,0,0,0
,,0,0,0
,,0,0,0
,,0,0,0
,,0,0,0
,,0,0,0
,,0,0,0
,,0,0,0
,,0,0,0
,,0,0,0
,,0,0,0
,,0,0,0
,,0,0,0
,,0,0,0
,,0,0,0
,,0,0,0
,,0,0,0
,,0,0,0
,,0,0,0
,,0,0,0
,,0,0,0
,,0,0,0
,,0,0,0
,,0,0,0
,,0,0,0
,,0,0,0
,,0,0,0
,,0,0,0
,,0,0,0
,,0,0,0
,,0,0,0
,,0,0,0
,,0,0,0
,,0,0,0
,,0,0,0
,,0,0,0
,,0,0,0
,,0,0,0
,,0,0,0
,,0,0,0
,,0,0,0
,,0,0,0
,,0,0,0
,,0,0,0
,,0,0,0
,,0,0,0
,,0,0,0
,,0,0,0
,,0,0,0
,,0,0,0
,,0,0,0
,,0,0,0
,,0,0,0
,,0,0,0
,,0,0,0
,,0,0,0
,,0,0,0
,,0,0,0
,,0,0,0
,,0,0,0
,,0,0,0
,,0,0,0
,,0,0,0
,,0,0,0
,,0,0,0
,,0,0,0
,,0,0,0
,,0,0,0
,,0,0,0
,,0,0,0
,,0,0,0
,,0,0,0
,,0,0,0
,,0,0,0
,,0,0,0
,,0,0,0
,,0,0,0
,,0,0,0
,,0,0,0
,,0,0,0
,,0,0,0
,,0,0,0
,,0,0,0
,,0,0,0
,,0,0,0
,,0,0,0
,,0,0,0
,,0,0,0
,,0,0,0
,,0,0,0
,,0,0,0
,,0,0,0
,,0,0,0
,,0,0,0
,,0,0,0
,,0,0,0
,,0,0,0
,,0,0,0
,,0,0,0
,,0,0,0
,,0,0,0
,,0,0,0
,,0,0,0
,,0,0,0
,,0,0,0
,,0,0,0
,,0,0,0
,,0,0,0
,,0,0,0
,,0,0,0
,,0,0,0
,,0,0,0
,,0,0,0
,,0,0,0
,,0,0,0
,,0,0,0
,,0,0,0
,,0,0,0
,,0,0,0
,,0,0,0
,,0,0,0
,,0,0,0
,,0,0,0
,,0,0,0
,,0,0,0
,,0,0,0
,,0,0,0
,,0,0,0
,,0,0,0
,,0,0,0
,,0,0,0
,,0,0,0
,,0,0,0
,,0,0,0
,,0,0,0
,,0,0,0
,,0,0,0
,,0,0,0
,,0,0,0
,,0,0,0
,,0,0,0
,,0,0,0
,,0,0,0
,,0,0,0
,,0,0,0
,,0,0,0
,,0,0,0
,,0,0,0
,,0,0,0
,,0,0,0
,,0,0,0
,,0,0,0
,,0,0,0
,,0,0,0
,,0,0,0
,,0,0,0
,,0,0,0
,,0,0,0
,,0,0,0
,,0,0,0
,,0,0,0
,,0,0,0
,,0,0,0
,,0,0,0
,,0,0,0
,,0,0,0
,,0,0,0
,,0,0,0
,,0,0,0
,,0,0,0
,,0,0,0
,,0,0,0
,,0,0,0
,,0,0,0
,,0,0,0
,,0,0,0
,,0,0,0
,,0,0,0
,,0,0,0
,,0,0,0
,,0,0,0
,,0,0,0
,,0,0,0
,,0,0,0
,,0,0,0
,,0,0,0
,,0,0,0
,,0,0,0
,,0,0,0
,,0,0,0
,,0,0,0
,,0,0,0
,,0,0,0
,,0,0,0
,,0,0,0
,,0,0,0
,,0,0,0
,,0,0,0
,,0,0,0
,,0,0,0
,,0,0,0
,,0,0,0
,,0,0,0
,,0,0,0
,,0,0,0
,,0,0,0
,,0,0,0
,,0,0,0
,,0,0,0
,,0,0,0
,,0,0,0
,,0,0,0
,,0,0,0
,,0,0,0
,,0,0,0
,,0,0,0
,,0,0,0
,,0,0,0
,,0,0,0
,,0,0,0
,,0,0,0
,,0,0,0
,,0,0,0
,,0,0,0
,,0,0,0
,,0,0,0
,,0,0,0
,,0,0,0
,,0,0,0
,,0,0,0
,,0,0,0
,,0,0,0
,,0,0,0
,,0,0,0
,,0,0,0
,,0,0,0
,,0,0,0
,,0,0,0
,,0,0,0
,,0,0,0
,,0,0,0
,,0,0,0
,,0,0,0
,,0,0,0
,,0,0,0
,,0,0,0
,,0,0,0
,,0,0,0
,,0,0,0
,,0,0,0
,,0,0,0
,,0,0,0
,,0,0,0
,,0,0,0
,,0,0,0
,,0,0,0
,,0,0,0
,,0,0,0
,,0,0,0
,,0,0,0
,,0,0,0
,,0,0,0
,,0,0,0
,,0,0,0
,,0,0,0
,,0,0,0
,,0,0,0
,,0,0,0
,,0,0,0
,,0,0,0
,,0,0,0
,,0,0,0
,,0,0,0
,,0,0,0
,,0,0,0
,,0,0,0
,,0,0,0
,,0,0,0
,,0,0,0
,,0,0,0
,,0,0,0
,,0,0,0
,,0,0,0
,,0,0,0
,,0,0,0
,,0,0,0
,,0,0,0
,,0,0,0
,,0,0,0
,,0,0,0
,,0,0,0
,,0,0,0
,,0,0,0
,,0,0,0
,,0,0,0
,,0,0,0
,,0,0,0
,,0,0,0
,,0,0,0
,,0,0,0
,,0,0,0
,,0,0,0
,,0,0,0
,,0,0,0
,,0,0,0
,,0,0,0
,,0,0,0
,,0,0,0
,,0,0,0
,,0,0,0
,,0,0,0
,,0,0,0
,,0,0,0
,,0,0,0
,,0,0,0
,,0,0,0
,,0,0,0
,,0,0,0
,,0,0,0
,,0,0,0
,,0,0,0
,,0,0,0
,,0,0,0
,,0,0,0
,,0,0,0
,,0,0,0
,,0,0,0
,,0,0,0
,,0,0,0
,,0,0,0
,,0,0,0
,,0,0,0
,,0,0,0
,,0,0,0
,,0,0,0
,,0,0,0
,,0,0,0
,,0,0,0
,,0,0,0
,,0,0,0
,,0,0,0
,,0,0,0
,,0,0,0
,,0,0,0
,,0,0,0
,,0,0,0
,,0,0,0
,,0,0,0
,,0,0,0
,,0,0,0
,,0,0,0
,,0,0,0
,,0,0,0
,,0,0,0
,,0,0,0
,,0,0,0
,,0,0,0
,,0,0,0
,,0,0,0
,,0,0,0
,,0,0,0
,,0,0,0
,,0,0,0
,,0,0,0
,,0,0,0
,,0,0,0
,,0,0,0
,,0,0,0
,,0,0,0
,,0,0,0
,,0,0,0
,,0,0,0
,,0,0,0
,,0,0,0
,,0,0,0
,,0,0,0
,,0,0,0
,,0,0,0
,,0,0,0
,,0,0,0
,,0,0,0
,,0,0,0
,,0,0,0
,,0,0,0
,,0,0,0
,,0,0,0
,,0,0,0
,,0,0,0
,,0,0,0
,,0,0,0
,,0,0,0
,,0,0,0
,,0,0,0
,,0,0,0
,,0,0,0
,,0,0,0
,,0,0,0
,,0,0,0
,,0,0,0
,,0,0,0
,,0,0,0
,,0,0,0
,,0,0,0
,,0,0,0
,,0,0,0
,,0,0,0
,,0,0,0
,,0,0,0
,,0,0,0
,,0,0,0
,,0,0,0
,,0,0,0
,,0,0,0
,,0,0,0
,,0,0,0
,,0,0,0
,,0,0,0
,,0,0,0
,,0,0,0
,,0,0,0
,,0,0,0
,,0,0,0
,,0,0,0
,,0,0,0
,,0,0,0
,,0,0,0
,,0,0,0
,,0,0,0
,,0,0,0
,,0,0,0
,,0,0,0
,,0,0,0
,,0,0,0
,,0,0,0
,,0,0,0
,,0,0,0
,,0,0,0
,,0,0,0
,,0,0,0
,,0,0,0
,,0,0,0
,,0,0,0
,,0,0,0
,,0,0,0
,,0,0,0
,,0,0,0
,,0,0,0
,,0,0,0
,,0,0,0
,,0,0,0
,,0,0,0
,,0,0,0
,,0,0,0
,,0,0,0
,,0,0,0
,,0,0,0
,,0,0,0
,,0,0,0
,,0,0,0
,,0,0,0
,,0,0,0
,,0,0,0
,,0,0,0
,,0,0,0
,,0,0,0
,,0,0,0
,,0,0,0
,,0,0,0
,,0,0,0
,,0,0,0
,,0,0,0
,,0,0,0
,,0,0,0
,,0,0,0
,,0,0,0
,,0,0,0
,,0,0,0
,,0,0,0
,,0,0,0
,,0,0,0
,,0,0,0
,,0,0,0
,,0,0,0
,,0,0,0
,,0,0,0
,,0,0,0
,,0,0,0
,,0,0,0
,,0,0,0
,,0,0,0
,,0,0,0
,,0,0,0
,,0,0,0
,,0,0,0
,,0,0,0
,,0,0,0
,,0,0,0
,,0,0,0
,,0,0,0
,,0,0,0
,,0,0,0
,,0,0,0
,,0,0,0
,,0,0,0
,,0,0,0
,,0,0,0
,,0,0,0
,,0,0,0
,,0,0,0
,,0,0,0
,,0,0,0
,,0,0,0
,,0,0,0
,,0,0,0
,,0,0,0
,,0,0,0
,,0,0,0
,,0,0,0
,,0,0,0
,,0,0,0
,,0,0,0
,,0,0,0
,,0,0,0
,,0,0,0
,,0,0,0
,,0,0,0
,,0,0,0
,,0,0,0
,,0,0,0
,,0,0,0
,,0,0,0
,,0,0,0
,,0,0,0
,,0,0,0
,,0,0,0
,,0,0,0
,,0,0,0
,,0,0,0
,,0,0,0
,,0,0,0
,,0,0,0
,,0,0,0
,,0,0,0
,,0,0,0
,,0,0,0
,,0,0,0
,,0,0,0
,,0,0,0
,,0,0,0
,,0,0,0
,,0,0,0
,,0,0,0
,,0,0,0
,,0,0,0
,,0,0,0
,,0,0,0
,,0,0,0
,,0,0,0
,,0,0,0
,,0,0,0
,,0,0,0
,,0,0,0
,,0,0,0
,,0,0,0
,,0,0,0
,,0,0,0
,,0,0,0
,,0,0,0
,,0,0,0
,,0,0,0
,,0,0,0
,,0,0,0
,,0,0,0
,,0,0,0
,,0,0,0
,,0,0,0
,,0,0,0
,,0,0,0
,,0,0,0
,,0,0,0
,,0,0,0
,,0,0,0
,,0,0,0
,,0,0,0
,,0,0,0
,,0,0,0
,,0,0,0
,,0,0,0
,,0,0,0
,,0,0,0
,,0,0,0
,,0,0,0
,,0,0,0
,,0,0,0
,,0,0,0
,,0,0,0
,,0,0,0
,,0,0,0
,,0,0,0
,,0,0,0
,,0,0,0
,,0,0,0
,,0,0,0
,,0,0,0
,,0,0,0
,,0,0,0
,,0,0,0
,,0,0,0
,,0,0,0
,,0,0,0
,,0,0,0
,,0,0,0
,,0,0,0
,,0,0,0
,,0,0,0
,,0,0,0
,,0,0,0
,,0,0,0
,,0,0,0
,,0,0,0
,,0,0,0
,,0,0,0
,,0,0,0
,,0,0,0
,,0,0,0
,,0,0,0
,,0,0,0
,,0,0,0
,,0,0,0
,,0,0,0
,,0,0,0
,,0,0,0
,,0,0,0
,,0,0,0
,,0,0,0
,,0,0,0
,,0,0,0
,,0,0,0
,,0,0,0
,,0,0,0
,,0,0,0
,,0,0,0
,,0,0,0
,,0,0,0
,,0,0,0
,,0,0,0
,,0,0,0
,,0,0,0
,,0,0,0
,,0,0,0
,,0,0,0
,,0,0,0
,,0,0,0
,,0,0,0
,,0,0,0
,,0,0,0
,,0,0,0
,,0,0,0
,,0,0,0
,,0,0,0
,,0,0,0
,,0,0,0
,,0,0,0
,,0,0,0
,,0,0,0
,,0,0,0
,,0,0,0
,,0,0,0
,,0,0,0
,,0,0,0
,,0,0,0
,,0,0,0
,,0,0,0
,,0,0,0
,,0,0,0
,,0,0,0
,,0,0,0
,,0,0,0
,,0,0,0
,,0,0,0
,,0,0,0
,,0,0,0
,,0,0,0
,,0,0,0
,,0,0,0
,,0,0,0
,,0,0,0
,,0,0,0
,,0,0,0
,,0,0,0
,,0,0,0
,,0,0,0
,,0,0,0
,,0,0,0
,,0,0,0
,,0,0,0
,,0,0,0
,,0,0,0
,,0,0,0
,,0,0,0
,,0,0,0
,,0,0,0
,,0,0,0
,,0,0,0
,,0,0,0
,,0,0,0
,,0,0,0
,,0,0,0
,,0,0,0
,,0,0,0
,,0,0,0
,,0,0,0
,,0,0,0
,,0,0,0
,,0,0,0
,,0,0,0
,,0,0,0
,,0,0,0
,,0,0,0
,,0,0,0
,,0,0,0
,,0,0,0
,,0,0,0
,,0,0,0
,,0,0,0
,,0,0,0
,,0,0,0
,,0,0,0
,,0,0,0
,,0,0,0
,,0,0,0
,,0,0,0
,,0,0,0
,,0,0,0
,,0,0,0
,,0,0,0
,,0,0,0
,,0,0,0
,,0,0,0
,,0,0,0
,,0,0,0
,,0,0,0
,,0,0,0
,,0,0,0
,,0,0,0
,,0,0,0
,,0,0,0
,,0,0,0
,,0,0,0
,,0,0,0
,,0,0,0
,,0,0,0
,,0,0,0
,,0,0,0
,,0,0,0
,,0,0,0
,,0,0,0
,,0,0,0
,,0,0,0
,,0,0,0
,,0,0,0
,,0,0,0
,,0,0,0
,,0,0,0
,,0,0,0
,,0,0,0
,,0,0,0
,,0,0,0
,,0,0,0
,,0,0,0
,,0,0,0
,,0,0,0
,,0,0,0
,,0,0,0
,,0,0,0
,,0,0,0
,,0,0,0
,,0,0,0
,,0,0,0
,,0,0,0
,,0,0,0
,,0,0,0
,,0,0,0
,,0,0,0
,,0,0,0
,,0,0,0
,,0,0,0
,,0,0,0
,,0,0,0
,,0,0,0
,,0,0,0
,,0,0,0
,,0,0,0
,,0,0,0
,,0,0,0
,,0,0,0
,,0,0,0
,,0,0,0
,,0,0,0
,,0,0,0
,,0,0,0
,,0,0,0
,,0,0,0
,,0,0,0
,,0,0,0
,,0,0,0
,,0,0,0
,,0,0,0
,,0,0,0
,,0,0,0
,,0,0,0
,,0,0,0
,,0,0,0
,,0,0,0
,,0,0,0
,,0,0,0
,,0,0,0
,,0,0,0
,,0,0,0
,,0,0,0
,,0,0,0
,,0,0,0
,,0,0,0
,,0,0,0
,,0,0,0
,,0,0,0
,,0,0,0
,,0,0,0
,,0,0,0
,,0,0,0
,,0,0,0
,,0,0,0
,,0,0,0
,,0,0,0
,,0,0,0
,,0,0,0
,,0,0,0
,,0,0,0
,,0,0,0
,,0,0,0
,,0,0,0
,,0,0,0
,,0,0,0
,,0,0,0
,,0,0,0
,,0,0,0
,,0,0,0
,,0,0,0
,,0,0,0
,,0,0,0
,,0,0,0
,,0,0,0
,,0,0,0
,,0,0,0
,,0,0,0
,,0,0,0
,,0,0,0
,,0,0,0
,,0,0,0
,,0,0,0
,,0,0,0
,,0,0,0
,,0,0,0
,,0,0,0
,,0,0,0
,,0,0,0
,,0,0,0
,,0,0,0
,,0,0,0
,,0,0,0
,,0,0,0
,,0,0,0
,,0,0,0
,,0,0,0
,,0,0,0
,,0,0,0
,,0,0,0
,,0,0,0
,,0,0,0
,,0,0,0
,,0,0,0
,,0,0,0
,,0,0,0
,,0,0,0
,,0,0,0
,,0,0,0
,,0,0,0
,,0,0,0
,,0,0,0
,,0,0,0
,,0,0,0
,,0,0,0
,,0,0,0
,,0,0,0
,,0,0,0
,,0,0,0
,,0,0,0
,,0,0,0
,,0,0,0
,,0,0,0
,,0,0,0
,,0,0,0
,,0,0,0
,,0,0,0
,,0,0,0
,,0,0,0
,,0,0,0
,,0,0,0
,,0,0,0
,,0,0,0
,,0,0,0
,,0,0,0
,,0,0,0
,,0,0,0
,,0,0,0
,,0,0,0
,,0,0,0
,,0,0,0
,,0,0,0
,,0,0,0
,,0,0,0
,,0,0,0
,,0,0,0
,,0,0,0
,,0,0,0
,,0,0,0
,,0,0,0
,,0,0,0
,,0,0,0
,,0,0,0
,,0,0,0
,,0,0,0
,,0,0,0
,,0,0,0
,,0,0,0
,,0,0,0
,,0,0,0
,,0,0,0
,,0,0,0
,,0,0,0
,,0,0,0
,,0,0,0
,,0,0,0
,,0,0,0
,,0,0,0
,,0,0,0
,,0,0,0
,,0,0,0
,,0,0,0
,,0,0,0
,,0,0,0
,,0,0,0
,,0,0,0
,,0,0,0
,,0,0,0
,,0,0,0
,,0,0,0
,,0,0,0
,,0,0,0
,,0,0,0
,,0,0,0
,,0,0,0
,,0,0,0
,,0,0,0
,,0,0,0
,,0,0,0
,,0,0,0
,,0,0,0
,,0,0,0
,,0,0,0
,,0,0,0
,,0,0,0
,,0,0,0
,,0,0,0
,,0,0,0
,,0,0,0
,,0,0,0
,,0,0,0
,,0,0,0
,,0,0,0
,,0,0,0
,,0,0,0
,,0,0,0
,,0,0,0
,,0,0,0
,,0,0,0
,,0,0,0
,,0,0,0
,,0,0,0
,,0,0,0
,,0,0,0
,,0,0,0
,,0,0,0
,,0,0,0
,,0,0,0
,,0,0,0
,,0,0,0
,,0,0,0
,,0,0,0
,,0,0,0
,,0,0,0
,,0,0,0
,,0,0,0
,,0,0,0
,,0,0,0
,,0,0,0
,,0,0,0
,,0,0,0
,,0,0,0
,,0,0,0
,,0,0,0
,,0,0,0
,,0,0,0
,,0,0,0
,,0,0,0
,,0,0,0
,,0,0,0
,,0,0,0
,,0,0,0
,,0,0,0
,,0,0,0
,,0,0,0
,,0,0,0
,,0,0,0
,,0,0,0
,,0,0,0
,,0,0,0
,,0,0,0
,,0,0,0
,,0,0,0
,,0,0,0
,,0,0,0
,,0,0,0
,,0,0,0
,,0,0,0
,,0,0,0
,,0,0,0
,,0,0,0
,,0,0,0
,,0,0,0
,,0,0,0
,,0,0,0
,,0,0,0
,,0,0,0
,,0,0,0
,,0,0,0
,,0,0,0
,,0,0,0
,,0,0,0
,,0,0,0
,,0,0,0
,,0,0,0
,,0,0,0
,,0,0,0
,,0,0,0
,,0,0,0
,,0,0,0
,,0,0,0
,,0,0,0
,,0,0,0
,,0,0,0
,,0,0,0
,,0,0,0
,,0,0,0
,,0,0,0
,,0,0,0
,,0,0,0
,,0,0,0
,,0,0,0
,,0,0,0
,,0,0,0
,,0,0,0
,,0,0,0
,,0,0,0
,,0,0,0
,,0,0,0
,,0,0,0
,,0,0,0
,,0,0,0
,,0,0,0
,,0,0,0
,,0,0,0
,,0,0,0
,,0,0,0
,,0,0,0
,,0,0,0
,,0,0,0
,,0,0,0
,,0,0,0
,,0,0,0
,,0,0,0
,,0,0,0
,,0,0,0
,,0,0,0
,,0,0,0
,,0,0,0
,,0,0,0
,,0,0,0
,,0,0,0
,,0,0,0
,,0,0,0
,,0,0,0
,,0,0,0
,,0,0,0
,,0,0,0
,,0,0,0
,,0,0,0
,,0,0,0
,,0,0,0
,,0,0,0
,,0,0,0
,,0,0,0
,,0,0,0
,,0,0,0
,,0,0,0
,,0,0,0
,,0,0,0
,,0,0,0
,,0,0,0
,,0,0,0
,,0,0,0
,,0,0,0
,,0,0,0
,,0,0,0
,,0,0,0
,,0,0,0
,,0,0,0
,,0,0,0
,,0,0,0
,,0,0,0
,,0,0,0
,,0,0,0
,,0,0,0
,,0,0,0
,,0,0,0
,,0,0,0
,,0,0,0
,,0,0,0
,,0,0,0
,,0,0,0
,,0,0,0
,,0,0,0
,,0,0,0
,,0,0,0
,,0,0,0
,,0,0,0
,,0,0,0
,,0,0,0
,,0,0,0
,,0,0,0
,,0,0,0
,,0,0,0
,,0,0,0
,,0,0,0
,,0,0,0
,,0,0,0
,,0,0,0
,,0,0,0
,,0,0,0
,,0,0,0
,,0,0,0
,,0,0,0
,,0,0,0
,,0,0,0
,,0,0,0
,,0,0,0
,,0,0,0
,,0,0,0
,,0,0,0
,,0,0,0
,,0,0,0
,,0,0,0
,,0,0,0
,,0,0,0
,,0,0,0
,,0,0,0
,,0,0,0
,,0,0,0
,,0,0,0
,,0,0,0
,,0,0,0
,,0,0,0
,,0,0,0
,,0,0,0
,,0,0,0
,,0,0,0
,,0,0,0
,,0,0,0
,,0,0,0
,,0,0,0
,,0,0,0
,,0,0,0
,,0,0,0
,,0,0,0
,,0,0,0
,,0,0,0
,,0,0,0
,,0,0,0
,,0,0,0
,,0,0,0
,,0,0,0
,,0,0,0
,,0,0,0
,,0,0,0
,,0,0,0
,,0,0,0
,,0,0,0
,,0,0,0
,,0,0,0
,,0,0,0
,,0,0,0
,,0,0,0
,,0,0,0
,,0,0,0
,,0,0,0
,,0,0,0
,,0,0,0
,,0,0,0
,,0,0,0
,,0,0,0
,,0,0,0
,,0,0,0
,,0,0,0
,,0,0,0
,,0,0,0
,,0,0,0
,,0,0,0
,,0,0,0
,,0,0,0
,,0,0,0
,,0,0,0
,,0,0,0
,,0,0,0
,,0,0,0
,,0,0,0
,,0,0,0
,,0,0,0
,,0,0,0
,,0,0,0
,,0,0,0
,,0,0,0
,,0,0,0
,,0,0,0
,,0,0,0
,,0,0,0
,,0,0,0
,,0,0,0
,,0,0,0
,,0,0,0
,,0,0,0
,,0,0,0
,,0,0,0
,,0,0,0
,,0,0,0
,,0,0,0
,,0,0,0
,,0,0,0
,,0,0,0
,,0,0,0
,,0,0,0
,,0,0,0
,,0,0,0
,,0,0,0
,,0,0,0
,,0,0,0
,,0,0,0
,,0,0,0
,,0,0,0
,,0,0,0
,,0,0,0
,,0,0,0
,,0,0,0
,,0,0,0
,,0,0,0
,,0,0,0
,,0,0,0
,,0,0,0
,,0,0,0
,,0,0,0
,,0,0,0
,,0,0,0
,,0,0,0
,,0,0,0
,,0,0,0
,,0,0,0
,,0,0,0
,,0,0,0
,,0,0,0
,,0,0,0
,,0,0,0
,,0,0,0
,,0,0,0
,,0,0,0
,,0,0,0
,,0,0,0
,,0,0,0
,,0,0,0
,,0,0,0
,,0,0,0
,,0,0,0
,,0,0,0
,,0,0,0
,,0,0,0
,,0,0,0
,,0,0,0
,,0,0,0
,,0,0,0
,,0,0,0
,,0,0,0
,,0,0,0
,,0,0,0
,,0,0,0
,,0,0,0
,,0,0,0
,,0,0,0
,,0,0,0
,,0,0,0
,,0,0,0
,,0,0,0
,,0,0,0
,,0,0,0
,,0,0,0
,,0,0,0
,,0,0,0
,,0,0,0
,,0,0,0
,,0,0,0
,,0,0,0
,,0,0,0
,,0,0,0
,,0,0,0
,,0,0,0
,,0,0,0
,,0,0,0
,,0,0,0
,,0,0,0
,,0,0,0
,,0,0,0
,,0,0,0
,,0,0,0
,,0,0,0
,,0,0,0
,,0,0,0
,,0,0,0
,,0,0,0
,,0,0,0
,,0,0,0
,,0,0,0
,,0,0,0
,,0,0,0
,,0,0,0
,,0,0,0
,,0,0,0
,,0,0,0
,,0,0,0
,,0,0,0
,,0,0,0
,,0,0,0
,,0,0,0
,,0,0,0
,,0,0,0
,,0,0,0
,,0,0,0
,,0,0,0
,,0,0,0
,,0,0,0
,,0,0,0
,,0,0,0
,,0,0,0
,,0,0,0
,,0,0,0
,,0,0,0
,,0,0,0
,,0,0,0
,,0,0,0
,,0,0,0
,,0,0,0
,,0,0,0
,,0,0,0
,,0,0,0
,,0,0,0
,,0,0,0
,,0,0,0
,,0,0,0
,,0,0,0
,,0,0,0
,,0,0,0
,,0,0,0
,,0,0,0
,,0,0,0
,,0,0,0
,,0,0,0
,,0,0,0
,,0,0,0
,,0,0,0
,,0,0,0
,,0,0,0
,,0,0,0
,,0,0,0
,,0,0,0
,,0,0,0
,,0,0,0
,,0,0,0
,,0,0,0
,,0,0,0
,,0,0,0
,,0,0,0
,,0,0,0
,,0,0,0
,,0,0,0
,,0,0,0
,,0,0,0
,,0,0,0
,,0,0,0
,,0,0,0
,,0,0,0
,,0,0,0
,,0,0,0
,,0,0,0
,,0,0,0
,,0,0,0
,,0,0,0
,,0,0,0
,,0,0,0
,,0,0,0
,,0,0,0
,,0,0,0
,,0,0,0
,,0,0,0
,,0,0,0
,,0,0,0
,,0,0,0
,,0,0,0
,,0,0,0
,,0,0,0
,,0,0,0
,,0,0,0
,,0,0,0
,,0,0,0
,,0,0,0
,,0,0,0
,,0,0,0
,,0,0,0
,,0,0,0
,,0,0,0
,,0,0,0
,,0,0,0
,,0,0,0
,,0,0,0
,,0,0,0
,,0,0,0
,,0,0,0
,,0,0,0
,,0,0,0
,,0,0,0
,,0,0,0
,,0,0,0
,,0,0,0
,,0,0,0
,,0,0,0
,,0,0,0
,,0,0,0
,,0,0,0
,,0,0,0
,,0,0,0
,,0,0,0
,,0,0,0
,,0,0,0
,,0,0,0
,,0,0,0
,,0,0,0
,,0,0,0
,,0,0,0
,,0,0,0
,,0,0,0
,,0,0,0
,,0,0,0
,,0,0,0
,,0,0,0
,,0,0,0
,,0,0,0
,,0,0,0
,,0,0,0
,,0,0,0
,,0,0,0
,,0,0,0
,,0,0,0
,,0,0,0
,,0,0,0
,,0,0,0
,,0,0,0
,,0,0,0
,,0,0,0
,,0,0,0
,,0,0,0
,,0,0,0
,,0,0,0
,,0,0,0
,,0,0,0
,,0,0,0
,,0,0,0
,,0,0,0
,,0,0,0
,,0,0,0
,,0,0,0
,,0,0,0
,,0,0,0
,,0,0,0
,,0,0,0
,,0,0,0
,,0,0,0
,,0,0,0
,,0,0,0
,,0,0,0
,,0,0,0
,,0,0,0
,,0,0,0
,,0,0,0
,,0,0,0
,,0,0,0
,,0,0,0
,,0,0,0
,,0,0,0
,,0,0,0
,,0,0,0
,,0,0,0
,,0,0,0
,,0,0,0
,,0,0,0
,,0,0,0
,,0,0,0
,,0,0,0
,,0,0,0
,,0,0,0
,,0,0,0
,,0,0,0
,,0,0,0
,,0,0,0
,,0,0,0
,,0,0,0
,,0,0,0
,,0,0,0
,,0,0,0
,,0,0,0
,,0,0,0
,,0,0,0
,,0,0,0
,,0,0,0
,,0,0,0
,,0,0,0
,,0,0,0
,,0,0,0
,,0,0,0
,,0,0,0
,,0,0,0
,,0,0,0
,,0,0,0
,,0,0,0
,,0,0,0
,,0,0,0
,,0,0,0
,,0,0,0
,,0,0,0
,,0,0,0
,,0,0,0
,,0,0,0
,,0,0,0
,,0,0,0
,,0,0,0
,,0,0,0
,,0,0,0
,,0,0,0
,,0,0,0
,,0,0,0
,,0,0,0
,,0,0,0
,,0,0,0
,,0,0,0
,,0,0,0
,,0,0,0
,,0,0,0
,,0,0,0
,,0,0,0
,,0,0,0
,,0,0,0
,,0,0,0
,,0,0,0
,,0,0,0
,,0,0,0
,,0,0,0
,,0,0,0
,,0,0,0
,,0,0,0
,,0,0,0
,,0,0,0
,,0,0,0
,,0,0,0
,,0,0,0
,,0,0,0
,,0,0,0
,,0,0,0
,,0,0,0
,,0,0,0
,,0,0,0
,,0,0,0
,,0,0,0
,,0,0,0
,,0,0,0
,,0,0,0
,,0,0,0
,,0,0,0
,,0,0,0
,,0,0,0
,,0,0,0
,,0,0,0
,,0,0,0
,,0,0,0
,,0,0,0
,,0,0,0
,,0,0,0
,,0,0,0
,,0,0,0
,,0,0,0
,,0,0,0
,,0,0,0
,,0,0,0
,,0,0,0
,,0,0,0
,,0,0,0
,,0,0,0
,,0,0,0
,,0,0,0
,,0,0,0
,,0,0,0
,,0,0,0
,,0,0,0
,,0,0,0
,,0,0,0
,,0,0,0
,,0,0,0
,,0,0,0
,,0,0,0
,,0,0,0
,,0,0,0
,,0,0,0
,,0,0,0
,,0,0,0
,,0,0,0
,,0,0,0
,,0,0,0
,,0,0,0
,,0,0,0
,,0,0,0
,,0,0,0
,,0,0,0
,,0,0,0
,,0,0,0
,,0,0,0
,,0,0,0
,,0,0,0
,,0,0,0
,,0,0,0
,,0,0,0
,,0,0,0
,,0,0,0
,,0,0,0
,,0,0,0
,,0,0,0
,,0,0,0
,,0,0,0
,,0,0,0
,,0,0,0
,,0,0,0
,,0,0,0
,,0,0,0
,,0,0,0
,,0,0,0
,,0,0,0
,,0,0,0
,,0,0,0
,,0,0,0
,,0,0,0
,,0,0,0
,,0,0,0
,,0,0,0
,,0,0,0
,,0,0,0
,,0,0,0
,,0,0,0
,,0,0,0
,,0,0,0
,,0,0,0
,,0,0,0
,,0,0,0
,,0,0,0
,,0,0,0
,,0,0,0
,,0,0,0
,,0,0,0
,,0,0,0
,,0,0,0
,,0,0,0
,,0,0,0
,,0,0,0
,,0,0,0
,,0,0,0
,,0,0,0
,,0,0,0
,,0,0,0
,,0,0,0
,,0,0,0
,,0,0,0
,,0,0,0
,,0,0,0
,,0,0,0
,,0,0,0
,,0,0,0
,,0,0,0
,,0,0,0
,,0,0,0
,,0,0,0
,,0,0,0
,,0,0,0
,,0,0,0
,,0,0,0
,,0,0,0
,,0,0,0
,,0,0,0
,,0,0,0
,,0,0,0
,,0,0,0
,,0,0,0
,,0,0,0
,,0,0,0
,,0,0,0
,,0,0,0
,,0,0,0
,,0,0,0
,,0,0,0
,,0,0,0
,,0,0,0
,,0,0,0
,,0,0,0
,,0,0,0
,,0,0,0
,,0,0,0
,,0,0,0
,,0,0,0
,,0,0,0
,,0,0,0
,,0,0,0
,,0,0,0
,,0,0,0
,,0,0,0
,,0,0,0
,,0,0,0
,,0,0,0
,,0,0,0
,,0,0,0
,,0,0,0
,,0,0,0
,,0,0,0
,,0,0,0
,,0,0,0
,,0,0,0
,,0,0,0
,,0,0,0
,,0,0,0
,,0,0,0
,,0,0,0
,,0,0,0
,,0,0,0
,,0,0,0
,,0,0,0
,,0,0,0
,,0,0,0
,,0,0,0
,,0,0,0
,,0,0,0
,,0,0,0
,,0,0,0
,,0,0,0
,,0,0,0
,,0,0,0
,,0,0,0
,,0,0,0
,,0,0,0
,,0,0,0
,,0,0,0
,,0,0,0
,,0,0,0
,,0,0,0
,,0,0,0
,,0,0,0
,,0,0,0
,,0,0,0
,,0,0,0
,,0,0,0
,,0,0,0
,,0,0,0
,,0,0,0
,,0,0,0
,,0,0,0
,,0,0,0
,,0,0,0
,,0,0,0
,,0,0,0
,,0,0,0
,,0,0,0
,,0,0,0
,,0,0,0
,,0,0,0
,,0,0,0
,,0,0,0
,,0,0,0
,,0,0,0
,,0,0,0
,,0,0,0
,,0,0,0
,,0,0,0
,,0,0,0
,,0,0,0
,,0,0,0
,,0,0,0
,,0,0,0
,,0,0,0
,,0,0,0
,,0,0,0
,,0,0,0
,,0,0,0
,,0,0,0
,,0,0,0
,,0,0,0
,,0,0,0
,,0,0,0
,,0,0,0
,,0,0,0
,,0,0,0
,,0,0,0
,,0,0,0
,,0,0,0
,,0,0,0
,,0,0,0
,,0,0,0
,,0,0,0
,,0,0,0
,,0,0,0
,,0,0,0
,,0,0,0
,,0,0,0
,,0,0,0
,,0,0,0
,,0,0,0
,,0,0,0
,,0,0,0
,,0,0,0
,,0,0,0
,,0,0,0
,,0,0,0
,,0,0,0
,,0,0,0
,,0,0,0
,,0,0,0
,,0,0,0
,,0,0,0
,,0,0,0
,,0,0,0
,,0,0,0
,,0,0,0
,,0,0,0
,,0,0,0
,,0,0,0
,,0,0,0
,,0,0,0
,,0,0,0
,,0,0,0
,,0,0,0
,,0,0,0
,,0,0,0
,,0,0,0
,,0,0,0
,,0,0,0
,,0,0,0
,,0,0,0
,,0,0,0
,,0,0,0
,,0,0,0
,,0,0,0
,,0,0,0
,,0,0,0
,,0,0,0
,,0,0,0
,,0,0,0
,,0,0,0
,,0,0,0
,,0,0,0
,,0,0,0
,,0,0,0
,,0,0,0
,,0,0,0
,,0,0,0
,,0,0,0
,,0,0,0
,,0,0,0
,,0,0,0
,,0,0,0
,,0,0,0
,,0,0,0
,,0,0,0
,,0,0,0
,,0,0,0
,,0,0,0
,,0,0,0
,,0,0,0
,,0,0,0
,,0,0,0
,,0,0,0
,,0,0,0
,,0,0,0
,,0,0,0
,,0,0,0
,,0,0,0
,,0,0,0
,,0,0,0
,,0,0,0
,,0,0,0
,,0,0,0
,,0,0,0
,,0,0,0
,,0,0,0
,,0,0,0
,,0,0,0
,,0,0,0
,,0,0,0
,,0,0,0
,,0,0,0
,,0,0,0
,,0,0,0
,,0,0,0
,,0,0,0
,,0,0,0
,,0,0,0
,,0,0,0
,,0,0,0
,,0,0,0
,,0,0,0
,,0,0,0
,,0,0,0
,,0,0,0
,,0,0,0
,,0,0,0
,,0,0,0
,,0,0,0
,,0,0,0
,,0,0,0
,,0,0,0
,,0,0,0
,,0,0,0
,,0,0,0
,,0,0,0
,,0,0,0
,,0,0,0
,,0,0,0
,,0,0,0
,,0,0,0
,,0,0,0
,,0,0,0
,,0,0,0
,,0,0,0
,,0,0,0
,,0,0,0
,,0,0,0
,,0,0,0
,,0,0,0
,,0,0,0
,,0,0,0
,,0,0,0
,,0,0,0
,,0,0,0
,,0,0,0
,,0,0,0
,,0,0,0
,,0,0,0
,,0,0,0
,,0,0,0
,,0,0,0
,,0,0,0
,,0,0,0
,,0,0,0
,,0,0,0
,,0,0,0
,,0,0,0
,,0,0,0
,,0,0,0
,,0,0,0
,,0,0,0
,,0,0,0
,,0,0,0
,,0,0,0
,,0,0,0
,,0,0,0
,,0,0,0
,,0,0,0
,,0,0,0
,,0,0,0
,,0,0,0
,,0,0,0
,,0,0,0
,,0,0,0
,,0,0,0
,,0,0,0
,,0,0,0
,,0,0,0
,,0,0,0
,,0,0,0
,,0,0,0
,,0,0,0
,,0,0,0
,,0,0,0
,,0,0,0
,,0,0,0
,,0,0,0
,,0,0,0
,,0,0,0
,,0,0,0
,,0,0,0
,,0,0,0
,,0,0,0
,,0,0,0
,,0,0,0
,,0,0,0
,,0,0,0
,,0,0,0
,,0,0,0
,,0,0,0
,,0,0,0
,,0,0,0
,,0,0,0
,,0,0,0
,,0,0,0
,,0,0,0
,,0,0,0
,,0,0,0
,,0,0,0
,,0,0,0
,,0,0,0
,,0,0,0
,,0,0,0
,,0,0,0
,,0,0,0
,,0,0,0
,,0,0,0
,,0,0,0
,,0,0,0
,,0,0,0
,,0,0,0
,,0,0,0
,,0,0,0
,,0,0,0
,,0,0,0
,,0,0,0
,,0,0,0
,,0,0,0
,,0,0,0
,,0,0,0
,,0,0,0
,,0,0,0
,,0,0,0
,,0,0,0
,,0,0,0
,,0,0,0
,,0,0,0
,,0,0,0
,,0,0,0
,,0,0,0
,,0,0,0
,,0,0,0
,,0,0,0
,,0,0,0
,,0,0,0
,,0,0,0
,,0,0,0
,,0,0,0
,,0,0,0
,,0,0,0
,,0,0,0
,,0,0,0
,,0,0,0
,,0,0,0
,,0,0,0
,,0,0,0
,,0,0,0
,,0,0,0
,,0,0,0
,,0,0,0
,,0,0,0
,,0,0,0
,,0,0,0
,,0,0,0
,,0,0,0
,,0,0,0
,,0,0,0
,,0,0,0
,,0,0,0
,,0,0,0
,,0,0,0
,,0,0,0
,,0,0,0
,,0,0,0
,,0,0,0
,,0,0,0
,,0,0,0
,,0,0,0
,,0,0,0
,,0,0,0
,,0,0,0
,,0,0,0
,,0,0,0
,,0,0,0
,,0,0,0
,,0,0,0
,,0,0,0
,,0,0,0
,,0,0,0
,,0,0,0
,,0,0,0
,,0,0,0
,,0,0,0
,,0,0,0
,,0,0,0
,,0,0,0
,,0,0,0
,,0,0,0
,,0,0,0
,,0,0,0
,,0,0,0
,,0,0,0
,,0,0,0
,,0,0,0
,,0,0,0
,,0,0,0
,,0,0,0
,,0,0,0
,,0,0,0
,,0,0,0
,,0,0,0
,,0,0,0
,,0,0,0
,,0,0,0
,,0,0,0
,,0,0,0
,,0,0,0
,,0,0,0
,,0,0,0
,,0,0,0
,,0,0,0
,,0,0,0
,,0,0,0
,,0,0,0
,,0,0,0
,,0,0,0
,,0,0,0
,,0,0,0
,,0,0,0
,,0,0,0
,,0,0,0
,,0,0,0
,,0,0,0
,,0,0,0
,,0,0,0
,,0,0,0
,,0,0,0
,,0,0,0
,,0,0,0
,,0,0,0
,,0,0,0
,,0,0,0
,,0,0,0
,,0,0,0
,,0,0,0
,,0,0,0
,,0,0,0
,,0,0,0
,,0,0,0
,,0,0,0
,,0,0,0
,,0,0,0
,,0,0,0
,,0,0,0
,,0,0,0
,,0,0,0
,,0,0,0
,,0,0,0
,,0,0,0
,,0,0,0
,,0,0,0
,,0,0,0
,,0,0,0
,,0,0,0
,,0,0,0
,,0,0,0
,,0,0,0
,,0,0,0
,,0,0,0
,,0,0,0
,,0,0,0
,,0,0,0
,,0,0,0
,,0,0,0
,,0,0,0
,,0,0,0
,,0,0,0
,,0,0,0
,,0,0,0
,,0,0,0
,,0,0,0
,,0,0,0
,,0,0,0
,,0,0,0
,,0,0,0
,,0,0,0
,,0,0,0
,,0,0,0
,,0,0,0
,,0,0,0
,,0,0,0
,,0,0,0
,,0,0,0
,,0,0,0
,,0,0,0
,,0,0,0
,,0,0,0
,,0,0,0
,,0,0,0
,,0,0,0
,,0,0,0
,,0,0,0
,,0,0,0
,,0,0,0
,,0,0,0
,,0,0,0
,,0,0,0
,,0,0,0
,,0,0,0
,,0,0,0
,,0,0,0
,,0,0,0
,,0,0,0
,,0,0,0
,,0,0,0
,,0,0,0
,,0,0,0
,,0,0,0
,,0,0,0
,,0,0,0
,,0,0,0
,,0,0,0
,,0,0,0
,,0,0,0
,,0,0,0
,,0,0,0
,,0,0,0
,,0,0,0
,,0,0,0
,,0,0,0
,,0,0,0
,,0,0,0
,,0,0,0
,,0,0,0
,,0,0,0
,,0,0,0
,,0,0,0
,,0,0,0
,,0,0,0
,,0,0,0
,,0,0,0
,,0,0,0
,,0,0,0
,,0,0,0
,,0,0,0
,,0,0,0
,,0,0,0
,,0,0,0
,,0,0,0
,,0,0,0
,,0,0,0
,,0,0,0
,,0,0,0
,,0,0,0
,,0,0,0
,,0,0,0
,,0,0,0
,,0,0,0
,,0,0,0
,,0,0,0
,,0,0,0
,,0,0,0
,,0,0,0
,,0,0,0
,,0,0,0
,,0,0,0
,,0,0,0
,,0,0,0
,,0,0,0
,,0,0,0
,,0,0,0
,,0,0,0
,,0,0,0
,,0,0,0
,,0,0,0
,,0,0,0
,,0,0,0
,,0,0,0
,,0,0,0
,,0,0,0
,,0,0,0
,,0,0,0
,,0,0,0
,,0,0,0
,,0,0,0
,,0,0,0
,,0,0,0
,,0,0,0
,,0,0,0
,,0,0,0
,,0,0,0
,,0,0,0
,,0,0,0
,,0,0,0
,,0,0,0
,,0,0,0
,,0,0,0
,,0,0,0
,,0,0,0
,,0,0,0
,,0,0,0
,,0,0,0
,,0,0,0
,,0,0,0
,,0,0,0
,,0,0,0
,,0,0,0
,,0,0,0
,,0,0,0
,,0,0,0
,,0,0,0
,,0,0,0
,,0,0,0
,,0,0,0
,,0,0,0
,,0,0,0
,,0,0,0
,,0,0,0
,,0,0,0
,,0,0,0
,,0,0,0
,,0,0,0
,,0,0,0
,,0,0,0
,,0,0,0
,,0,0,0
,,0,0,0
,,0,0,0
,,0,0,0
,,0,0,0
,,0,0,0
,,0,0,0
,,0,0,0
,,0,0,0
,,0,0,0
,,0,0,0
,,0,0,0
,,0,0,0
,,0,0,0
,,0,0,0
,,0,0,0
,,0,0,0
,,0,0,0
,,0,0,0
,,0,0,0
,,0,0,0
,,0,0,0
,,0,0,0
,,0,0,0
,,0,0,0
,,0,0,0
,,0,0,0
,,0,0,0
,,0,0,0
,,0,0,0
,,0,0,0
,,0,0,0
,,0,0,0
,,0,0,0
,,0,0,0
,,0,0,0
,,0,0,0
,,0,0,0
,,0,0,0
,,0,0,0
,,0,0,0
,,0,0,0
,,0,0,0
,,0,0,0
,,0,0,0
,,0,0,0
,,0,0,0
,,0,0,0
,,0,0,0
,,0,0,0
,,0,0,0
,,0,0,0
,,0,0,0
,,0,0,0
,,0,0,0
,,0,0,0
,,0,0,0
,,0,0,0
,,0,0,0
,,0,0,0
,,0,0,0
,,0,0,0
,,0,0,0
,,0,0,0
,,0,0,0
,,0,0,0
,,0,0,0
,,0,0,0
,,0,0,0
,,0,0,0
,,0,0,0
,,0,0,0
,,0,0,0
,,0,0,0
,,0,0,0
,,0,0,0
,,0,0,0
,,0,0,0
,,0,0,0
,,0,0,0
,,0,0,0
,,0,0,0
,,0,0,0
,,0,0,0
,,0,0,0
,,0,0,0
,,0,0,0
,,0,0,0
,,0,0,0
,,0,0,0
,,0,0,0
,,0,0,0
,,0,0,0
,,0,0,0
,,0,0,0
,,0,0,0
,,0,0,0
,,0,0,0
,,0,0,0
,,0,0,0
,,0,0,0
,,0,0,0
,,0,0,0
,,0,0,0
,,0,0,0
,,0,0,0
,,0,0,0
,,0,0,0
,,0,0,0
,,0,0,0
,,0,0,0
,,0,0,0
,,0,0,0
,,0,0,0
,,0,0,0
,,0,0,0
,,0,0,0
,,0,0,0
,,0,0,0
,,0,0,0
,,0,0,0
,,0,0,0
,,0,0,0
,,0,0,0
,,0,0,0
,,0,0,0
,,0,0,0
,,0,0,0
,,0,0,0
,,0,0,0
,,0,0,0
,,0,0,0
,,0,0,0
,,0,0,0
,,0,0,0
,,0,0,0
,,0,0,0
,,0,0,0
,,0,0,0
,,0,0,0
,,0,0,0
,,0,0,0
,,0,0,0
,,0,0,0
,,0,0,0
,,0,0,0
,,0,0,0
,,0,0,0
,,0,0,0
,,0,0,0
,,0,0,0
,,0,0,0
,,0,0,0
,,0,0,0
,,0,0,0
,,0,0,0
,,0,0,0
,,0,0,0
,,0,0,0
,,0,0,0
,,0,0,0
,,0,0,0
,,0,0,0
,,0,0,0
,,0,0,0
,,0,0,0
,,0,0,0
,,0,0,0
,,0,0,0
,,0,0,0
,,0,0,0
,,0,0,0
,,0,0,0
,,0,0,0
,,0,0,0
,,0,0,0
,,0,0,0
,,0,0,0
,,0,0,0
,,0,0,0
,,0,0,0
,,0,0,0
,,0,0,0
,,0,0,0
,,0,0,0
,,0,0,0
,,0,0,0
,,0,0,0
,,0,0,0
,,0,0,0
,,0,0,0
,,0,0,0
,,0,0,0
,,0,0,0
,,0,0,0
,,0,0,0
,,0,0,0
,,0,0,0
,,0,0,0
,,0,0,0
,,0,0,0
,,0,0,0
,,0,0,0
,,0,0,0
,,0,0,0
,,0,0,0
,,0,0,0
,,0,0,0
,,0,0,0
,,0,0,0
,,0,0,0
,,0,0,0
,,0,0,0
,,0,0,0
,,0,0,0
,,0,0,0
,,0,0,0
,,0,0,0
,,0,0,0
,,0,0,0
,,0,0,0
,,0,0,0
,,0,0,0
,,0,0,0
,,0,0,0
,,0,0,0
,,0,0,0
,,0,0,0
,,0,0,0
,,0,0,0
,,0,0,0
,,0,0,0
,,0,0,0
,,0,0,0
,,0,0,0
,,0,0,0
,,0,0,0
,,0,0,0
,,0,0,0
,,0,0,0
,,0,0,0
,,0,0,0
,,0,0,0
,,0,0,0
,,0,0,0
,,0,0,0
,,0,0,0
,,0,0,0
,,0,0,0
,,0,0,0
,,0,0,0
,,0,0,0
,,0,0,0
,,0,0,0
,,0,0,0
,,0,0,0
,,0,0,0
,,0,0,0
,,0,0,0
,,0,0,0
,,0,0,0
,,0,0,0
,,0,0,0
,,0,0,0
,,0,0,0
,,0,0,0
,,0,0,0
,,0,0,0
,,0,0,0
,,0,0,0
,,0,0,0
,,0,0,0
,,0,0,0
,,0,0,0
,,0,0,0
,,0,0,0
,,0,0,0
,,0,0,0
,,0,0,0
,,0,0,0
,,0,0,0
,,0,0,0
,,0,0,0
,,0,0,0
,,0,0,0
,,0,0,0
,,0,0,0
,,0,0,0
,,0,0,0
,,0,0,0
,,0,0,0
,,0,0,0
,,0,0,0
,,0,0,0
,,0,0,0
,,0,0,0
,,0,0,0
,,0,0,0
,,0,0,0
,,0,0,0
,,0,0,0
,,0,0,0
,,0,0,0
,,0,0,0
,,0,0,0
,,0,0,0
,,0,0,0
,,0,0,0
,,0,0,0
,,0,0,0
,,0,0,0
,,0,0,0
,,0,0,0
,,0,0,0
,,0,0,0
,,0,0,0
,,0,0,0
,,0,0,0
,,0,0,0
,,0,0,0
,,0,0,0
,,0,0,0
,,0,0,0
,,0,0,0
,,0,0,0
,,0,0,0
,,0,0,0
,,0,0,0
,,0,0,0
,,0,0,0
,,0,0,0
,,0,0,0
,,0,0,0
,,0,0,0
,,0,0,0
,,0,0,0
,,0,0,0
,,0,0,0
,,0,0,0
,,0,0,0
,,0,0,0
,,0,0,0
,,0,0,0
,,0,0,0
,,0,0,0
,,0,0,0
,,0,0,0
,,0,0,0
,,0,0,0
,,0,0,0
,,0,0,0
,,0,0,0
,,0,0,0
,,0,0,0
,,0,0,0
,,0,0,0
,,0,0,0
,,0,0,0
,,0,0,0
,,0,0,0
,,0,0,0
,,0,0,0
,,0,0,0
,,0,0,0
,,0,0,0
,,0,0,0
,,0,0,0
,,0,0,0
,,0,0,0
,,0,0,0
,,0,0,0
,,0,0,0
,,0,0,0
,,0,0,0
,,0,0,0
,,0,0,0
,,0,0,0
,,0,0,0
,,0,0,0
,,0,0,0
,,0,0,0
,,0,0,0
,,0,0,0
,,0,0,0
,,0,0,0
,,0,0,0
,,0,0,0
,,0,0,0
,,0,0,0
,,0,0,0
,,0,0,0
,,0,0,0
,,0,0,0
,,0,0,0
,,0,0,0
,,0,0,0
,,0,0,0
,,0,0,0
,,0,0,0
,,0,0,0
,,0,0,0
,,0,0,0
,,0,0,0
,,0,0,0
,,0,0,0
,,0,0,0
,,0,0,0
,,0,0,0
,,0,0,0
,,0,0,0
,,0,0,0
,,0,0,0
,,0,0,0
,,0,0,0
,,0,0,0
,,0,0,0
,,0,0,0
,,0,0,0
,,0,0,0
,,0,0,0
,,0,0,0
,,0,0,0
,,0,0,0
,,0,0,0
,,0,0,0
,,0,0,0
,,0,0,0
,,0,0,0
,,0,0,0
,,0,0,0
,,0,0,0
,,0,0,0
,,0,0,0
,,0,0,0
,,0,0,0
,,0,0,0
,,0,0,0
,,0,0,0
,,0,0,0
,,0,0,0
,,0,0,0
,,0,0,0
,,0,0,0
,,0,0,0
,,0,0,0
,,0,0,0
,,0,0,0
,,0,0,0
,,0,0,0
,,0,0,0
,,0,0,0
,,0,0,0
,,0,0,0
,,0,0,0
,,0,0,0
,,0,0,0
,,0,0,0
,,0,0,0
,,0,0,0
,,0,0,0
,,0,0,0
,,0,0,0
,,0,0,0
,,0,0,0
,,0,0,0
,,0,0,0
,,0,0,0
,,0,0,0
,,0,0,0
,,0,0,0
,,0,0,0
,,0,0,0
,,0,0,0
,,0,0,0
,,0,0,0
,,0,0,0
,,0,0,0
,,0,0,0
,,0,0,0
,,0,0,0
,,0,0,0
,,0,0,0
,,0,0,0
,,0,0,0
,,0,0,0
,,0,0,0
,,0,0,0
,,0,0,0
,,0,0,0
,,0,0,0
,,0,0,0
,,0,0,0
,,0,0,0
,,0,0,0
,,0,0,0
,,0,0,0
,,0,0,0
,,0,0,0
,,0,0,0
,,0,0,0
,,0,0,0
,,0,0,0
,,0,0,0
,,0,0,0
,,0,0,0
,,0,0,0
,,0,0,0
,,0,0,0
,,0,0,0
,,0,0,0
,,0,0,0
,,0,0,0
,,0,0,0
,,0,0,0
,,0,0,0
,,0,0,0
,,0,0,0
,,0,0,0
,,0,0,0
,,0,0,0
,,0,0,0
,,0,0,0
,,0,0,0
,,0,0,0
,,0,0,0
,,0,0,0
,,0,0,0
,,0,0,0
,,0,0,0
,,0,0,0
,,0,0,0
,,0,0,0
,,0,0,0
,,0,0,0
,,0,0,0
,,0,0,0
,,0,0,0
,,0,0,0
,,0,0,0
,,0,0,0
,,0,0,0
,,0,0,0
,,0,0,0
,,0,0,0
,,0,0,0
,,0,0,0
,,0,0,0
,,0,0,0
,,0,0,0
,,0,0,0
,,0,0,0
,,0,0,0
,,0,0,0
,,0,0,0
,,0,0,0
,,0,0,0
,,0,0,0
,,0,0,0
,,0,0,0
,,0,0,0
,,0,0,0
,,0,0,0
,,0,0,0
,,0,0,0
,,0,0,0
,,0,0,0
,,0,0,0
,,0,0,0
,,0,0,0
,,0,0,0
,,0,0,0
,,0,0,0
,,0,0,0
,,0,0,0
,,0,0,0
,,0,0,0
,,0,0,0
,,0,0,0
,,0,0,0
,,0,0,0
,,0,0,0
,,0,0,0
,,0,0,0
,,0,0,0
,,0,0,0
,,0,0,0
,,0,0,0
,,0,0,0
,,0,0,0
,,0,0,0
,,0,0,0
,,0,0,0
,,0,0,0
,,0,0,0
,,0,0,0
,,0,0,0
,,0,0,0
,,0,0,0
,,0,0,0
,,0,0,0
,,0,0,0
,,0,0,0
,,0,0,0
,,0,0,0
,,0,0,0
,,0,0,0
,,0,0,0
,,0,0,0
,,0,0,0
,,0,0,0
,,0,0,0
,,0,0,0
,,0,0,0
,,0,0,0
,,0,0,0
,,0,0,0
,,0,0,0
,,0,0,0
,,0,0,0
,,0,0,0
,,0,0,0
,,0,0,0
,,0,0,0
,,0,0,0
,,0,0,0
,,0,0,0
,,0,0,0
,,0,0,0
,,0,0,0
,,0,0,0
,,0,0,0
,,0,0,0
,,0,0,0
,,0,0,0
,,0,0,0
,,0,0,0
,,0,0,0
,,0,0,0
,,0,0,0
,,0,0,0
,,0,0,0
,,0,0,0
,,0,0,0
,,0,0,0
,,0,0,0
,,0,0,0
,,0,0,0
,,0,0,0
,,0,0,0
,,0,0,0
,,0,0,0
,,0,0,0
,,0,0,0
,,0,0,0
,,0,0,0
,,0,0,0
,,0,0,0
,,0,0,0
,,0,0,0
,,0,0,0
,,0,0,0
,,0,0,0
,,0,0,0
,,0,0,0
,,0,0,0
,,0,0,0
,,0,0,0
,,0,0,0
,,0,0,0
,,0,0,0
,,0,0,0
,,0,0,0
,,0,0,0
,,0,0,0
,,0,0,0
,,0,0,0
,,0,0,0
,,0,0,0
,,0,0,0
,,0,0,0
,,0,0,0
,,0,0,0
,,0,0,0
,,0,0,0
,,0,0,0
,,0,0,0
,,0,0,0
,,0,0,0
,,0,0,0
,,0,0,0
,,0,0,0
,,0,0,0
,,0,0,0
,,0,0,0
,,0,0,0
,,0,0,0
,,0,0,0
,,0,0,0
,,0,0,0
,,0,0,0
,,0,0,0
,,0,0,0
,,0,0,0
,,0,0,0
,,0,0,0
,,0,0,0
,,0,0,0
,,0,0,0
,,0,0,0
,,0,0,0
,,0,0,0
,,0,0,0
,,0,0,0
,,0,0,0
,,0,0,0
,,0,0,0
,,0,0,0
,,0,0,0
,,0,0,0
,,0,0,0
,,0,0,0
,,0,0,0
,,0,0,0
,,0,0,0
,,0,0,0
,,0,0,0
,,0,0,0
,,0,0,0
,,0,0,0
,,0,0,0
,,0,0,0
,,0,0,0
,,0,0,0
,,0,0,0
,,0,0,0
,,0,0,0
,,0,0,0
,,0,0,0
,,0,0,0
,,0,0,0
,,0,0,0
,,0,0,0
,,0,0,0
,,0,0,0
,,0,0,0
,,0,0,0
,,0,0,0
,,0,0,0
,,0,0,0
,,0,0,0
,,0,0,0
,,0,0,0
,,0,0,0
,,0,0,0
,,0,0,0
,,0,0,0
,,0,0,0
,,0,0,0
,,0,0,0
,,0,0,0
,,0,0,0
,,0,0,0
,,0,0,0
,,0,0,0
,,0,0,0
,,0,0,0
,,0,0,0
,,0,0,0
,,0,0,0
,,0,0,0
,,0,0,0
,,0,0,0
,,0,0,0
,,0,0,0
,,0,0,0
,,0,0,0
,,0,0,0
,,0,0,0
,,0,0,0
,,0,0,0
,,0,0,0
,,0,0,0
,,0,0,0
,,0,0,0
,,0,0,0
,,0,0,0
,,0,0,0
,,0,0,0
,,0,0,0
,,0,0,0
,,0,0,0
,,0,0,0
,,0,0,0
,,0,0,0
,,0,0,0
,,0,0,0
,,0,0,0
,,0,0,0
,,0,0,0
,,0,0,0
,,0,0,0
,,0,0,0
,,0,0,0
,,0,0,0
,,0,0,0
,,0,0,0
,,0,0,0
,,0,0,0
,,0,0,0
,,0,0,0
,,0,0,0
,,0,0,0
,,0,0,0
,,0,0,0
,,0,0,0
,,0,0,0
,,0,0,0
,,0,0,0
,,0,0,0
,,0,0,0
,,0,0,0
,,0,0,0
,,0,0,0
,,0,0,0
,,0,0,0
,,0,0,0
,,0,0,0
,,0,0,0
,,0,0,0
,,0,0,0
,,0,0,0
,,0,0,0
,,0,0,0
,,0,0,0
,,0,0,0
,,0,0,0
,,0,0,0
,,0,0,0
,,0,0,0
,,0,0,0
,,0,0,0
,,0,0,0
,,0,0,0
,,0,0,0
,,0,0,0
,,0,0,0
,,0,0,0
,,0,0,0
,,0,0,0
,,0,0,0
,,0,0,0
,,0,0,0
,,0,0,0
,,0,0,0
,,0,0,0
,,0,0,0
,,0,0,0
,,0,0,0
,,0,0,0
,,0,0,0
,,0,0,0
,,0,0,0
,,0,0,0
,,0,0,0
,,0,0,0
,,0,0,0
,,0,0,0
,,0,0,0
,,0,0,0
,,0,0,0
,,0,0,0
,,0,0,0
,,0,0,0
,,0,0,0
,,0,0,0
,,0,0,0
,,0,0,0
,,0,0,0
,,0,0,0
,,0,0,0
,,0,0,0
,,0,0,0
,,0,0,0
,,0,0,0
,,0,0,0
,,0,0,0
,,0,0,0
,,0,0,0
,,0,0,0
,,0,0,0
,,0,0,0
,,0,0,0
,,0,0,0
,,0,0,0
,,0,0,0
,,0,0,0
,,0,0,0
,,0,0,0
,,0,0,0
,,0,0,0
,,0,0,0
,,0,0,0
,,0,0,0
,,0,0,0
,,0,0,0
,,0,0,0
,,0,0,0
,,0,0,0
,,0,0,0
,,0,0,0
,,0,0,0
,,0,0,0
,,0,0,0
,,0,0,0
,,0,0,0
,,0,0,0
,,0,0,0
,,0,0,0
,,0,0,0
,,0,0,0
,,0,0,0
,,0,0,0
,,0,0,0
,,0,0,0
,,0,0,0
,,0,0,0
,,0,0,0
,,0,0,0
,,0,0,0
,,0,0,0
,,0,0,0
,,0,0,0
,,0,0,0
,,0,0,0
,,0,0,0
,,0,0,0
,,0,0,0
,,0,0,0
,,0,0,0
,,0,0,0
,,0,0,0
,,0,0,0
,,0,0,0
,,0,0,0
,,0,0,0
,,0,0,0
,,0,0,0
,,0,0,0
,,0,0,0
,,0,0,0
,,0,0,0
,,0,0,0
,,0,0,0
,,0,0,0
,,0,0,0
,,0,0,0
,,0,0,0
,,0,0,0
,,0,0,0
,,0,0,0
,,0,0,0
,,0,0,0
,,0,0,0
,,0,0,0
,,0,0,0
,,0,0,0
,,0,0,0
,,0,0,0
,,0,0,0
,,0,0,0
,,0,0,0
,,0,0,0
,,0,0,0
,,0,0,0
,,0,0,0
,,0,0,0
,,0,0,0
,,0,0,0
,,0,0,0
,,0,0,0
,,0,0,0
,,0,0,0
,,0,0,0
,,0,0,0
,,0,0,0
,,0,0,0
,,0,0,0
,,0,0,0
,,0,0,0
,,0,0,0
,,0,0,0
,,0,0,0
,,0,0,0
,,0,0,0
,,0,0,0
,,0,0,0
,,0,0,0
,,0,0,0
,,0,0,0
,,0,0,0
,,0,0,0
,,0,0,0
,,0,0,0
,,0,0,0
,,0,0,0
,,0,0,0
,,0,0,0
,,0,0,0
,,0,0,0
,,0,0,0
,,0,0,0
,,0,0,0
,,0,0,0
,,0,0,0
,,0,0,0
,,0,0,0
,,0,0,0
,,0,0,0
,,0,0,0
,,0,0,0
,,0,0,0
,,0,0,0
,,0,0,0
,,0,0,0
,,0,0,0
,,0,0,0
,,0,0,0
,,0,0,0
,,0,0,0
,,0,0,0
,,0,0,0
,,0,0,0
,,0,0,0
,,0,0,0
,,0,0,0
,,0,0,0
,,0,0,0
,,0,0,0
,,0,0,0
,,0,0,0
,,0,0,0
,,0,0,0
,,0,0,0
,,0,0,0
,,0,0,0
,,0,0,0
,,0,0,0
,,0,0,0
,,0,0,0
,,0,0,0
,,0,0,0
,,0,0,0
,,0,0,0
,,0,0,0
,,0,0,0
,,0,0,0
,,0,0,0
,,0,0,0
,,0,0,0
,,0,0,0
,,0,0,0
,,0,0,0
,,0,0,0
,,0,0,0
,,0,0,0
,,0,0,0
,,0,0,0
,,0,0,0
,,0,0,0
,,0,0,0
,,0,0,0
,,0,0,0
,,0,0,0
,,0,0,0
,,0,0,0
,,0,0,0
,,0,0,0
,,0,0,0
,,0,0,0
,,0,0,0
,,0,0,0
,,0,0,0
,,0,0,0
,,0,0,0
,,0,0,0
,,0,0,0
,,0,0,0
,,0,0,0
,,0,0,0
,,0,0,0
,,0,0,0
,,0,0,0
,,0,0,0
,,0,0,0
,,0,0,0
,,0,0,0
,,0,0,0
,,0,0,0
,,0,0,0
,,0,0,0
,,0,0,0
,,0,0,0
,,0,0,0
,,0,0,0
,,0,0,0
,,0,0,0
,,0,0,0
,,0,0,0
,,0,0,0
,,0,0,0
,,0,0,0
,,0,0,0
,,0,0,0
,,0,0,0
,,0,0,0
,,0,0,0
,,0,0,0
,,0,0,0
,,0,0,0
,,0,0,0
,,0,0,0
,,0,0,0
,,0,0,0
,,0,0,0
,,0,0,0
,,0,0,0
,,0,0,0
,,0,0,0
,,0,0,0
,,0,0,0
,,0,0,0
,,0,0,0
,,0,0,0
,,0,0,0
,,0,0,0
,,0,0,0
,,0,0,0
,,0,0,0
,,0,0,0
,,0,0,0
,,0,0,0
,,0,0,0
,,0,0,0
,,0,0,0
,,0,0,0
,,0,0,0
,,0,0,0
,,0,0,0
,,0,0,0
,,0,0,0
,,0,0,0
,,0,0,0
,,0,0,0
,,0,0,0
,,0,0,0
,,0,0,0
,,0,0,0
,,0,0,0
,,0,0,0
,,0,0,0
,,0,0,0
,,0,0,0
,,0,0,0
,,0,0,0
,,0,0,0
,,0,0,0
,,0,0,0
,,0,0,0
,,0,0,0
,,0,0,0
,,0,0,0
,,0,0,0
,,0,0,0
,,0,0,0
,,0,0,0
,,0,0,0
,,0,0,0
,,0,0,0
,,0,0,0
,,0,0,0
,,0,0,0
,,0,0,0
,,0,0,0
,,0,0,0
,,0,0,0
,,0,0,0
,,0,0,0
,,0,0,0
,,0,0,0
,,0,0,0
,,0,0,0
,,0,0,0
,,0,0,0
,,0,0,0
,,0,0,0
,,0,0,0
,,0,0,0
,,0,0,0
,,0,0,0
,,0,0,0
,,0,0,0
,,0,0,0
,,0,0,0
,,0,0,0
,,0,0,0
,,0,0,0
,,0,0,0
,,0,0,0
,,0,0,0
,,0,0,0
,,0,0,0
,,0,0,0
,,0,0,0
,,0,0,0
,,0,0,0
,,0,0,0
,,0,0,0
,,0,0,0
,,0,0,0
,,0,0,0
,,0,0,0
,,0,0,0
,,0,0,0
,,0,0,0
,,0,0,0
,,0,0,0
,,0,0,0
,,0,0,0
,,0,0,0
,,0,0,0
,,0,0,0
,,0,0,0
,,0,0,0
,,0,0,0
,,0,0,0
,,0,0,0
,,0,0,0
,,0,0,0
,,0,0,0
,,0,0,0
,,0,0,0
,,0,0,0
,,0,0,0
,,0,0,0
,,0,0,0
,,0,0,0
,,0,0,0
,,0,0,0
,,0,0,0
,,0,0,0
,,0,0,0
,,0,0,0
,,0,0,0
,,0,0,0
,,0,0,0
,,0,0,0
,,0,0,0
,,0,0,0
,,0,0,0
,,0,0,0
,,0,0,0
,,0,0,0
,,0,0,0
,,0,0,0
,,0,0,0
,,0,0,0
,,0,0,0
,,0,0,0
,,0,0,0
,,0,0,0
,,0,0,0
,,0,0,0
,,0,0,0
,,0,0,0
,,0,0,0
,,0,0,0
,,0,0,0
,,0,0,0
,,0,0,0
,,0,0,0
,,0,0,0
,,0,0,0
,,0,0,0
,,0,0,0
,,0,0,0
,,0,0,0
,,0,0,0
,,0,0,0
,,0,0,0
,,0,0,0
,,0,0,0
,,0,0,0
,,0,0,0
,,0,0,0
,,0,0,0
,,0,0,0
,,0,0,0
,,0,0,0
,,0,0,0
,,0,0,0
,,0,0,0
,,0,0,0
,,0,0,0
,,0,0,0
,,0,0,0
,,0,0,0
,,0,0,0
,,0,0,0
,,0,0,0
,,0,0,0
,,0,0,0
,,0,0,0
,,0,0,0
,,0,0,0
,,0,0,0
,,0,0,0
,,0,0,0
,,0,0,0
,,0,0,0
,,0,0,0
,,0,0,0
,,0,0,0
,,0,0,0
,,0,0,0
,,0,0,0
,,0,0,0
,,0,0,0
,,0,0,0
,,0,0,0
,,0,0,0
,,0,0,0
,,0,0,0
,,0,0,0
,,0,0,0
,,0,0,0
,,0,0,0
,,0,0,0
,,0,0,0
,,0,0,0
,,0,0,0
,,0,0,0
,,0,0,0
,,0,0,0
,,0,0,0
,,0,0,0
,,0,0,0
,,0,0,0
,,0,0,0
,,0,0,0
,,0,0,0
,,0,0,0
,,0,0,0
,,0,0,0
,,0,0,0
,,0,0,0
,,0,0,0
,,0,0,0
,,0,0,0
,,0,0,0
,,0,0,0
,,0,0,0
